T2PKproductsname,canonicalsmiles,CLF_accession,sequence
BE-24566B,Cc1cc(O)cc2c1C1OC(C)(Cc3cc4c(c(O)c31)C(=O)c1c(O)cc(O)cc1C4(C)C)O2,AUI41026.1,MRTATRTATAVVTGIGVAAPNGLGVAPYWSAVLRGESGIGPLTRFDASGYPVRLAGEISAYRTEEHIHDRLAVQTDRWTHLALTATEEALSDAGADPATLPEYDMAVVTSSSSGGTEFGQHEIESLWSRGPRYVGAYQSIAWFYAATTGQISIRHGMRGPCGVVAAEQAGALDALGHSRRVVREGARLVVSGGTDASLCPYGLVAQLSTGRLSTSDDPQLAYLPFDARARGHLPGEGGAMLIVEDAESAAERGAAHRYGEIVGHASTFDPAPGSGREPGLRRAVMNALIDARMAPEEIDVVFADAAAVPELDRIEAEALAWVFGPRGVPVTAPKTMTGRLYGGASLDVATALLAIRDDVVPPSGAAIVPHPDYDLDLVVGEPRPGPVRTALVVARGHGGMNSALVLREPAPGGGD
BE-24566B,Cc1cc(O)cc2c1C1OC(C)(Cc3cc4c(c(O)c31)C(=O)c1c(O)cc(O)cc1C4(C)C)O2,KU243130.1,VTPAAGPATRTATAVITGLGIVAPGGIGVDEYWSAMLRGHSAIGPITRFDASGYPVRLAGEVSGFRTEERIPSRLAVQTDRWTHLGLAAAEAALADAGAGPGTLTERPQQFGLSEYDMAVVTASSSGGTEFGQREIERLWSRGPRHVGAYQSIAWFYAATTGQISIRHGMRGPCGVIAAEQAGALDALAHARRVVRDGARLVVSGGTDASLCPYGLVAQLSSGRLSTREDPARAYVPFDAGACGHLPGEGGAMLIVEDARSARRRGAAHAYGEIAGHAATFDPPPGSGREPGLRRAVMNALIDARMAPEEIDVVFADAAAVPALDRAEADALAWVFEPYGVPVTAPKTLTGRLYAGAALDVATALLAMRDDVIPPTAAGVTPHPDHRLDLVVGEPRPGPVRAVLVAARGFGGMNAALVLRRTDPRG
A-74528,CC1c2c(O)cc(O)c3c2C2C(CC(=O)C4=C(O)c5c(O)cc(O)cc5C(C3=O)C42Cc2cc(O)cc(=O)o2)C1O,ADG86316.1,MKATSGRPATEPRPADGRGKGARSAVITGIGVVAPNGLDREAWWQSTLDGKSGLGRITRFDPSSYPVQVAGEATGFDPADHAPQRLVSETDAMTQYAFAATNEALADAAVVPESFADLDMAVITANSSGGVEFGQRELQKLYREGPQAVGAYMSIAWFYAATTGQLSIRHGMRGPCTVLCSEQAGSLDALAQSRRVLDKGTRLVLSGGTDASLSPYGLVCQLSNGRLSEELRPDRAYVPFDAEASGYVPGEGGAILVVESPEDARDRGVERVYGEIAGYAATFDPRPGSGRPPGLRRAAELALADAGVTASDVDVVFADGYGVPELDRQEAEAITAVFGPRAVPVSVPKTMTGRLYAGGAALDTAAAVLALRDQVIPPSVHVRPDPAHRLDLVTQAREARLRTALVLARGYGGFNAALVVRSG
Accramycin A,COc1cc(C)c(-c2cc(OC)cc3cc4c(c(O)c23)C(=O)c2c(O)cc(O)cc2C4(C)C)c(O)c1,QKO28695.1,MTGTTRRAVITGMGALAPTGIGAEAVGKAAREGLSGIRPLTRYPAEGTPLSLAGEIPDFDPLQHLEGPVVAQTDRFTQLALVASDMALKDAGLTPAEIAPYSFGVVTASCAGGVEFGQKEIERLWSRGPTHVGPYQSIAWFYAASTGQISIRHGLKGPSGVLVTDEAGGLDALGYAGREIARGTAAMLAGGAEAPLSPFSMACQFGHGLLSGARDPERAYLPFTRAAAGFVPAEGGAMVVVEEERAARARGAVPRAVVLGHGTAFAGMLRFGRSAEALAAAARTALAEAGLSPAAVDVVFADALGVPEADAAEVRALRLLFGARRAEEVPVTAPKTGTGRAYSGAGALDVTLAVLCLEQGLVPPAPHLDGAEPALPLNLVTGRARRLRPRTVLLLARGLSGGCSALVLQRTGDGP
Aclacinomycin A,CCC1(O)CC(OC2CC(N(C)C)C(OC3CC(O)C(OC4CCC(=O)C(C)O4)C(C)O3)C(C)O2)c2c(cc3c(c2O)C(=O)c2c(O)cccc2C3=O)C1C(=O)OC,AAF70107.1,MSAATVVTGIGVLAPNGIGAEEFWAATLRAESGIGRITRFEPASYPSRLAGEVTGFSARDHIPSRLVPQTDRTTQFALTGSEWALRDSGLSADSLPADERGVVTASASGGFEFGQRELGHLWGKDPRHVSAYMSFAWFYAVNSGQISIRHDLRGPTGVLVTDQAGGLDAVAQARRRIRKGTPVMLSGGMDASLCPYGLAAQISAGMLSESDDPARAYRPFDPAADGHVPGEGGAILTLEDGERARARGARSHGEISGYAATFDPRPGSGRPANLDRAIRGALADAGLTPRDIAFVLADGAGEPEPDRAEARALTDVFGPRGVPVTVPKSMTGRLYAGAVPLDLVTALFALRDGVVPPTVHVDGPDPAYDIDLVTGSAGPSAETRALVLARGRGGFNSAMVVRRPSAA
Aclacinomycin A,CCC1(O)CC(OC2CC(N(C)C)C(OC3CC(O)C(OC4CCC(=O)C(C)O4)C(C)O3)C(C)O2)c2c(cc3c(c2O)C(=O)c2c(O)cccc2C3=O)C1C(=O)OC,BAB72046.1,MSAATVVTGIGVLAPNGIGAEEFWAATLRAESGIGRITHFEPASYPSRLAGEVTGFSAREHLPSRLVPQTDRTTQFALTGSEWALRDSGLSADTLPAGERGVVTASASGGFEFGQRELGHLWGKDPRHVSAYMSFAWFYAVNSGQISIRHDLRGPTGVLVTDQAGGLDAVAQARRRIRKGTPVMLSGGMDASLCPYGLVAQISAGMLSESDDPTRAYRPFDPAADGHVPGEGGAILTLEDGDRARARGARSHGEISGYAATFDPRPGSGRPANLDRAIRGALADAGLSPRDIAFVLADGAGEPEPDRAEARALTDVFGPRGVPVTVPKSMTGRLYAGAAPLDLVTALFALRDGVVPPTVHVDEPDPAYDIDLVTGSARPVRGDAALVLARGRGGFNSAMVVRRPPAA
Actinorhodin,CC1OC(CC(=O)O)Cc2c1c(O)c1c(O)c(-c3cc(=O)c4c(=O)c5c(c(=O)c=4c3=O)C(C)OC(CC(=O)O)C5)cc(O)c1c2O,CAC44201.1,MSVLITGVGVVAPNGLGLAPYWSAVLDGRHGLGPVTRFDVSRYPATLAGQIDDFHAPDHIPGRLLPQTDPSTRLALTAADWALQDAKADPESLTDYDMGVVTANACGGFDFTHREFRKLWSEGPKSVSVYESFAWFYAVNTGQISIRHGMRGPSSALVAEQAGGLDALGHARRTIRRGTPLVVSGGVDSALDPWGWVSQIASGRISTATDPDRAYLPFDERAAGYVPGEGGAILVLEDSAAAEARGRHDAYGELAGCASTFDPAPGSGRPAGLERAIRLALNDAGTGPEDVDVVFADGAGVPELDAAEARAIGRVFGREGVPVTVPKTTTGRLYSGGGPLDVVTALMSLREGVIAPTAGVTSVPREYGIDLVLGEPRSTAPRTALVLARGRWGFNSAAVLRRFAPTP
Allocyclinone A,COc1c(Cl)c(C(Cl)(Cl)Cl)cc2ccc3c(c12)C(=O)c1c(O)c2c(c(O)c1C3=O)C(C)(OC)OC2=O,AMX23328.1,MAEASRGRALVTGIAAVAPNGADTAAFWAATLSGRSGLRRISRFNAEDYPVKIAGLVGLEDGEDCEPRLNVQTDRWTQLALVAGDRAIADAGLVPAETPAYDMAVITASSSGGNEFGQREIEALWSQGPKSVGPFQSIAWFYAATTGQLSIKNGMKGPCGVLVAEQAGGLDSLGQAKRALRRDAKVVVTGGTEAPVGPYALTCQMASGLLSREPDPRRAYLPFDVDACGYVPGEGGAIVILENEEDALARGVDRPYGEIAGYAASFDPRPGSGRPPTLRRAIDGALADAGIGPDDVDVVFADGAGVPELDRREAEALAAVFGPRGVPVTVPKALYGRLYAGGPPLDVVAALLAIRDGVIPPTYGGSRLAPGCDVDLVRAARHVRVRTALLVARGFEGFNAALVVRAV
Alnumycin A,CCC[C@H]1OC(C)=Cc2cc3c(c(O)c21)C(=O)C([C@H]1OC[C@@H](O)[C@H](CO)O1)=CC3=O,ACI88862.1,MTLATPAAQETPERTGRPTAVITGIGVAAPNGLGTEQWWQSTLQGTSGIGPVVDYDASRYPSRLVGRIDGFEAAEHIPGRLLPQTDRVTRLALVAGAEALADADANPAELAEQDGYGEYGCGVVTSNATGGFEFTHREIRKLWTQGPQQVSVYESFAWFYAVNTGQLSIRHKLRGPSGVLVSEQAGGLDAIGQSRRTLRQGVKLSLTGGMDSSLDPWGLVSHLASGRLSRSDDPATAYLPFDTRAAGQVPGEGGAMLVLEEETAARARGARVYGEIAGYAATFSPRPGSGRPPGLERAARLALADSGLGVEDVDVVFADAAGLPTADDEEAAALRALFGPYGVPVTAPKTLTGRLFGGGAPLDVAAALLALRDGVIPPTAGIDRPVPEHRLDLVRGTPRHTPLRTALVLARGHGGFNAAVVVRAPEAA
Anthrabenzoxocinone,Cc1cc(O)cc2c1C1OC(C)(Cc3cc4c(c(O)c31)C(=O)c1c(O)cc(O)cc1C4(C)C)O2,AUO15561.1,MTPAAGAATAAPTAWVTGLGIVAPGGIGVEEYWSAMLRGESGIGPITRFDASGYPVRLAGEVPGFRTEERVPGRLAVQTDRWTHLGLAAAEAALADAGAGPDALTALSEYDMAVVTASSSGGTEFGQREIERLWSRGPRHVGAYQSIAWFYAATTGQISIRHGMRGPCGVIAAEQAGALDALAHARRVLRDGARLVVSGGTDASLCPYGLVAQLSSGRLSTREDPARAYVPFDAAACGHLPGEGGAMLIVEDARSARRRGAAHAYGEIAGHAATFDPPPGSGREPGLRRAIVNALIDARASAEEIDVVFADAAAVPALDRAEADALARVFGPRGVPVTAPKTLTGRLYAGAALDVATALLAIRDDVIPPTAAGVTPHRDHRLDLVVGEPRPGPVRTALVAARGFGGMNAALVLRRTDPRG
AQ-256,O=C1c2cccc(O)c2C(=O)c2c(O)cc(O)cc21,CAE16562.1,MRKRVVVTGVGAIHPDGNDVTAIKSKVIQKLLGQESKNNTTASSIIRTLSDFDGAKYINNRLRRKIDEFSVYGIVAVEMALKASRLDVDKLDPNRVGIYVGNCFGGWQHIEDEVKALHIEGIKGMGPYVATAWFPAALQGQLSLLYGFSAQSKTFSTSDVAGMQAIGYAAEAISNGVAEVMLCGASEHLSSPLVKNLLEKTSSQKHSEVFGEKQPGDFSEGAAFLVLEERQHALERGASILCELTGFVDYFAPDKNTRNNTLEYTAELFNHNENAVFIMDGIYDDEKEITSKAFSNKEIKTSFINLRPYLDNQFSVSGVIDSVLASSFLSESHGDEEQQSKKINEFSNTNQIIIQRFSNQGHVCALSFSAI
Aranciamycin,COC1C(OC2c3c(cc4c(c3O)C(=O)c3c(O)cccc3C4=O)C(=O)C(C)(O)C2OC)OC(C)C(O)C1O,ABL09958.1,MSSTASPVFTGIGVTAPNGLGTEAWWRATLAGEHGIRPVSRFDATGYPATLAGEVPDYEPERRIPSRLLPQTDHMTRLALTAAEEALSDAKVDPDGLPEYTAGVVTAASAGGFEFGQRELQALWSKGGQFVSAYQSFAWFYAVNTGQISIRHGLRGPSGVLVTEQAGGLDVVAQARRQLRKGSALMVTGGVDGSVCPWGWTGHLAGGRMSTVAEPERAYLPFARDARGHVAGEGGAILILEDAAAARARGARTYGALAGYAATFDPAPGTGAEPGLRRAVELALDDAGLAAGDIDVVFADGAGIRDLDRQEADALARVFGPRGVPVTVPKTMTGRLLAGGAALDLAAALLSVHEGLIPPTAHVTSPADDCPVDLVTAVRSGPVRHALVLARGHGGFNAAAVVTAVSDS
Arenimycin A,COC(=O)c1c(C)cc2c(c1O)[C@@]1(O)C(=O)c3cc4c(c(O)c3C(=O)[C@@]1(OC)CC2)C(=O)C=C(N[C@H]1O[C@@H](C)[C@H](O)[C@H](O)[C@H]1OC)C4=O,WP_029025959.1,MIRPAITGMGVLAPTGSGHEDYWAATLRGDLGITPISRLAPNPYPVRVAGQLPGFAPGERVPSRLIPQTDVWTQHGLTAADLALADAKLEPASVPEYEFSVVTASSAGGVEFGQREIQQLWHQGPKFVGAYQSIAWFYAATTGQTSIRYGMRGPCDVVVSEGAGALDSLHYARRAMTDGARAVLCGGTDSALSPYGIVCQLSSGRLSTGSDPAAAYLPFDLDSAGYVPGEGGAMFVVEDLDQAYQRGAPHVYGLIGGYAATFDPAPGSGQRPALRRAVCAALDDAGIRPADVDVVFADGAGVPALDRQEATALAAVFGPHGVPVSVPKTAVGRLYSGGAALDVAAALLAIRDGVIPPSINIRRPDPALRLDLVRDRPRPASVRTALVLARGYGGFNSALVLQEAP
Arenimycin C,COC(=O)c1c(C)cc2c(c1O)[C@]1(O)C(=O)c3cc4c(c(O)c3C(=O)[C@@]1(OC)CC2)C(=O)C=C(N[C@@H]1O[C@H](C)[C@@H](O[C@H]2C[C@H](OC)[C@@H](O)[C@H](C)O2)[C@H](O)[C@@H]1OC)C4=O,AIW63011.1,MIRPAITGMGVLAPTGSGHEDYWAATLRGYLGITPISRFAPNPYPVRVAGQLPGFVPGERVPSRLIPQTDVWTQHGLTAADLALADAKLEPASIPEYGFSVVTASSAGGVEFGQREIQQLWHQGPNFVGAYQSIAWFYAATTGQTSIRYGMRGPCDVVVSEGAGALDSLHHARRAMTDGVQAVLCGGTDSALSPYGIVCQLSSGRLSTGSDPAAAYVPFDLDSAGYVPGEGGAMFVVENLEQAYERGAPHVYGLIGGYAATFDPAPGSGRPPALRRAVCAALDDAGILPADVDVVFADGAGVPELDRQEATALAEVFGPHGVPVTVPKTAVGRLYSGGAALDVAAALLAIRDRVIPPAINIRRPDPTLHLDLVRDRPRPAPVRTALVLARGYGGFNSALVLQEAP
Arimetamycin A,COc1cc(O)c2c(c1)C(=O)c1cc3c(c(O)c1C2=O)C(OC1CC(C)(N(C)C)C(OC2CC(C)(O)C(N(C)C)C(C)O2)C(C)O1)C(OC)C(C)(O)C3=O,AHA81978.1,MTVTVVTGMGVVAPTGLGTQPHWDRIRAGQGAIGRITAFDPEPYSSKLAGEITGFVPDDHLPGRLLPQTDHMTQMALVAADWALRDAAVDVSELPEFGMGVVTASSAGGFEFGHRELDKLWRKGPEHVSAYQSFAWFYAVNTGQISIRHGMRGPNGVLVTEQAGGLDAVAQARRRVRGGAAAMVCGAVDGSPCPWGWVAQLANGRISRSEDPARAYLPFDVDASGYVPGDGGALFVLESQEGAWERGVTSWHGEIAGYAATFDPSPDSGRPSTLRRAIELALADAKLAADGIDVVFADGAGVPEQDRVEADALRAVFGPYGVPVTVPKTMTGRLSAGGAALDLATALLTLRHGEIPPTVNVSRQVPEYQLDLVTQPRRKPVAAALVVARGHGGFNAAMVVTRRLNNS
Arixanthomycin A,COC1C(C)OC(Oc2cccc3c(=O)c4c(O)c5c(c(O)c4oc23)CCc2cc3c(c(O)c2-5)C(=O)N2C(C(=O)O)COC2(C)C3)C(OC)C1OC,AHX24702.1,MAADPVVVTGTGVVAPTGVGTDQHWQAVLAGKSGIGRITRFDPSPYPVRVGGQVPGFDAAERVPGRLIPATDHWTHMALAATDLALADAEVRPAELPEYEMAVVTASSSGGTEFGQHEMERLYRRGPSWVSAYQSIAWFYAATTGQVSIRHGMRGPCGVICAEQAGGLDALGQAARLVRGGEARLVVTGGTDAPLSPYGLTAQLANKRLSTSDEPAYLPFDAAATGYLPGEGGAILIVEAAAAAAARGVCGYGAVLGYAAGFDPPPDSGRPPVLARTIERALATAGRAPSEVDVVFADAVGVPAEDLAEARAITEVFGPRAVPVTAPKTLTGRLYGGGAALDVVTALLAMRHGVIPGTVGPSRPAPGCDIDLVLGQAREQPLTTALVIARGFGGFTSALVLGGEPTIRSTQE
Auricin,CC1CC(=O)C(OC2CCC(N(C)C)C(C)O2)C2(O1)OC1CC(=O)OC1C1=C2C(=O)c2c(O)cccc2C1=O,AAX57192.2,MSARILVTGIGVAAPSGLGVEDFWSVTRIGKNAIGPVTRFDASAYPSRLAGEIHGFEPKEHLPGRLVPQTDRVTQLALVAADCAFADAGIEPGTIDPYAMGVVTAAGAGGFEFAENELRKLWSEGAKHVSAYQSFAWFYAVNSGQISIRNGLRGPAGVVISDQAGGLDALAQARRQLRKGSKLIATGGFDAPICSLGWASHLHGGLMSTSDEPERAYLPFDDAAAGYVPGEGGAMLILEDEDSARDRGARTVYGEFAGYGATLDPKPGSGREPGLRRAIDVALTDAACHPAEVDVVFADGAATPRLDREEAEAITAVFGPRAVPVTVPKTMTGRINSGGAPIDVVSAVLSMREGLIPPTTNVELSDAYDLDLVAVRPRTASVRTALVLARGRGGFNSAVVVRAVD
Azicemicin B,COc1c(O)cc2c(OC)c3c(c(O)c2c1O)C(=O)CC1CC(O)(C2CN2)CC(=O)C31O,ADB02844.1,MKPSTVVTGIGVTAPNGLGTKAYWAATLEGTSGIDRVTRFDPSRYPAQLAGEVPGFVAKEHLSSRLLPQTDHMTRLALVAADWAFADAGVVPDQLDGYDMSVVTASSAGGFEFGERELQALWSKGSKYVSAYQSFAWFYAVNTGQISIRNGMQGPSAALVSDHAGGLDAIGQARRQIRRGTPLALSGGVDGSISSYGWISHLASGRISTAAEPDRAYLPFDAAASGYVPGEGGALLVLEEATAARRRGAEVYGEIAGYASTFDPQPDTGRPPALKRAITLALDDAGLSPADIDVVFADAVAVPELDRLEAEAITEVFGPRGVPVTAPKTMTGRLYAGAAPLDVAAALLAIRDSVIPPTVHIEPDRGYQLDVVTGPRTRPLHSALVIARGYGGFNSAVVVRSAR
Compound 1,CC(=O)[C@H]1C[C@H]2OC(=O)[C@@]3(O)C(O)=C4C(=O)c5c(O)cccc5C(=O)[C@]41C[C@@H]23,AYU66234.1,MSTAATQPTTAGTAAHGSQAPTAAPVFTGIGVTAPNGLGTKDWWSATLAGESGIRPVSRFDASRYPATLTGEVPGFEAREHIPSRLIPQTDHMTRLALTAAAEAVEDSGLDLKELPEYAAGVVTAASAGGFEFGQRELEALWSKGGQHVSAYQSFAWFYAVNTGQISIRHGLRGPSGVLVTEQAGGLDAVAQARRQLCRGSRMMVTGGVDGAICPWGWTAQLTSGRLSTRDDPRQAYLPFDARAAGHVPGEGGAILILEDAEAARARGARCYGTLAGYAATFDPGPGRAGEPGLRRAAELALQEAGVAPADVDVVFADAAGVPELDRLEAEAVNRIFGPGNVPVTAPKTMTGRLAAGGASLDLAAALLSVRDSVIPPTINVTEPAEGLRLDLVTAPRQGPVRTALVLARGFSGFNAAAVVTAAN
Baikalomycin A,CC1OC(c2ccc3c(c2O)C(=O)C2(O)CCC4(O)CC(C)(O)CC(=O)C4(O)C2(O)C3=O)CCC1O,WP_143644094.1,MSAAVRVAVTGLGVAAPNGLGVEAYWAATRAGASGIGRVTRFDPAQYPARLAGEIKEFSGLEHLPARLLPQTDRMTQVALAGTDWAFADAGVDPAELPEYDMGVITASSSGGFEFGQKELKALWSQGSRYVSAYQSFAWFYAVNSGQISIRNGMRGPSGVVVGDQAGGLDAVAQARRQIRKGTPLVVSGGIDASICPWGWVAQMAGDRLSTSDDPARAYVPFDAAARGHVPGEGGALLVLEDLERARERGARQIYGEVAGYGSTFDPRPGSGRPPGLRKAIELALADAESNARDIDVVFADGAALPELDRIEADAITGVFGARGVPVSVPKTMTGRLYSGAAPLDLAAACLAIRDGVIPASVGTRLSDAYALDLVTDRPRDAAVRSALILARGQGGFNSAVVVRAVDE
BE-7585A,C[C@@H]1O[C@@H](OC23C(=O)C(O)C(C)(O)CC2(O)C(S[C@H]2[C@@H](O[C@H]4O[C@H](CO)[C@@H](O)[C@H](O)[C@H]4O)O[C@H](CO)[C@@H](O)[C@@H]2O)=CC2=C3C(=O)c3cccc(O)c3C2=O)CC[C@@H]1O,ADI71444.1,MTAVEARPAPGAAEHAGTGPVVVTGIGVTAPTGLGAGRHWSATRAGESAIRRITRFDPARYPARLAGQVTGFDPAAHLPGRLLPQTDLMTQLALVAADEALADAGVNPDELPSFSMGVVTASSSGGFEFGQNELRNLWSRGGKYVSAYQSFAWFYAVNSGQISIRHGMRGPSGVVVSDQAGGLDAVAQARRQIRKGTGLVVSGGMDASICPWGWAAQLAAGTLSTSDDPRRAYLPFDTAAAGHVPGEGGALLILEPLAAAEARGAEVYGEIAGHAATFDPPPGSGGEPGLRRAIELALADAGTTAAEVDVVFADAAAVPALDRAEAAAIRAVFGPHGVPVTAPKTLTGRLCSGAAALDLATALLSLRHGVLPPATGVRPAAGLELDLVTEARPRPLRSALVLARGNGFNSAMLVRTVHSGKKG
Benastatin A,CCCCCc1cc2ccc3c(O)c4c(cc3c2c(O)c1C(=O)O)C(C)(C)c1cc(O)cc(O)c1C4=O,CAM58799.1,MTVITGLGVVAPTGVGLDDYWATTLAGKSGIDRIRRFDPSGYTAQLAGQVDDFEATDHVPSKLLAQTDRMTHFAFAGANMALADAHVDLADFPEYERAVVTANSSGGVEYGQHELQKMWSGGPMRVSAYMSVAWFYAATTGQLSIHHGLRGPCGLIATEQAGGLDALGHARRLLRRGARIAVTGGTDAPLSPASMVAQLATGLLSSNPDPTAAYLPFDDRAAGYVPGEGGAIMIMEPAEHALRRGAERIYGEIAGYAATFDPAPGTGRGPTLGRAIRNALDDARIAPSEVDLVFADGSGTPAMDRAEAEALTEVFGPRGVPVTVPKAATGRMYSGGGALDVATALLAMRDGVAPPTPHVTELASDCPLDLVRTEPRELPIRHALVCARGVGGFNAALVLRRGDLTTPEH
Bipentaromycin A,O=C1c2c3cc4c(c2O)[C@@H](C=C4)[C@H]2C(=O)c4c(cc(O)c5c4[C@H](O)c4cc6c(c(O)c4C5=O)[C@@H](C=C6)[C@H]4C(=O)c5c(cc(O)c1c5C3=O)[C@H]4O)[C@@H]2O,WP_030301370.1,MSGRRAVITGVGVVAPSGIGSEAHWKTVCGGESRIGPITLFDAGPYETTLAGEVPDFDVSKYVERRLQVQTDRWTHLAYAAAELAFGEAELDPSTVEPYKLSVALASSSGGNQFGQRELQRLWQPDTSRTVGAYQSIAWFYAATVGQLAIKHQAKGPSSVLVSEGAGGLDSLAHAARLVRRGADVVLAGGTEAPLGPYALACQQRSGRLYTGTDPAGAYLPFDERADGYVPGEGGVVFVVEDLDHALARGARIRAEIAGWAATQDAVAATRTGSGSVRQYARALGTAVERAGLTPGDVDVTFPDAVGLPAYDRTEAEALRAVFGDGGPAAVTTQKPLTGRLYQGGSALDAATAVLAMDYGLIPPSAGPARPADGCDLAFVREEQATEVRSALIGARGFDGFNSAVLLRAHS
Brasiliquinone B,CCC1CC(=O)c2c(cc(O)c3c2C(=O)c2cccc(O)c2C3=O)C1,WP_042264335.1,MTTAVVTGFGVAAPNGLGAEQYWDATVAGKSGIARVSRFDPSGYPAQLAGEVPGFEAADHLPGRLLPQTDRMTQLALAATDWAFADAGLTPSRLPEFDIGVITASSAGGFEFGQRELQNLWHRGSQYVSAYQSFAWFYAVNSGQIAIRNGMKGPASVLVGDQAGGLDAVAAARRAIRKGTSTIVTGAIDSSLCPWGWIGQQASGRLSTSDDPADAYLPFDARANGHVPGEGGAILVVESDGHARARGARTYGEIAGYAATFDPNGPGLRKAIELALADAGRVPSDVDVVFADAAGLPELDRMEAQAISAVFGAGAVPVTAPKTMTGRLYSGAGPLDLVAALLAMRHSLIPPTVHVEPDPEAQLDLVVGQARPATVRTALVLARGYGGFNSALVLTNENS
Calixanthomycin A,COc1cc2oc3c(O)c4c(c(O)c3c(=O)c2cc1OC)-c1c(O)c2c(c(O[C@@H]3O[C@H](C)[C@@H](OC)[C@H](OC)[C@H]3OC)c1CC4)C[C@H](C)OC2=O,AJD20009.1,MTRVVITGLGITAPNGVGVEEYWAALLAGRSGLRTITRFDAGAYPVRVAGEVPDFVAEDRIPSRLTVQTDRWTHLGLGAAELALADAKADPATFPEYEIAVVTASSSGGTEFGQVEIEKLWSKGPRAVGAYQSIAWFYAATTGQISIRHGMRGPCGVISAEQAGGLDSLGHARRLLRGEVRLVVSGGTDASLCPYGLVAQMSTGLLSHGTDPATAYLPFDTRAAGYVPGEGGAMLIAEALNRAEERNAPHVYGEIAGYAATFDPPPGSGRPAGLRRAITNALRDAGLGPGDIDVVFADAAGVPDLDRAEAADLEAVFGPRGVPVTVPKTLTGRLYAGGAALDVATALLALRDGLIPPTAGVTSPAFPGSLDLVGGEAREAPLRTALILARGYGGFNAALVVRAL
Cervimycin C,COC1=CC(=O)c2c(cc3c(c2O)C(=O)C2(OC4CCC(OC5CCC(O)C(C)O5)C(C)O4)C(O)=C(C(N)=O)C(=O)C(OC4CCC(OC5CCC(OC6CCC(OC7CCC(OC(=O)C(C)(C)C(=O)O)C(C)O7)C(C)O6)C(C)O5)C(C)O4)C2C3)C1=O,OWA01597.1,MSAPVITGLGTVSPNGLGTEAYWSATLRGESGIGPITRFEPDGYRGRTGGEVKDFEPKEHLPSRLLPQTDHMTRLALVAAEEALSDAGIDPDALPDFAMGVVTAASAGGMEFGQREMEALWSKGGAYVSSYQAFAWFYPVNTGQISIRHGLRGASSAVVTEQAGGLDAVAKARRHIRQGTPQMLAGGVDSALCPWGWLCMSRSGRVSTVEDPARAYVPFDTGASGYVPGEGGALLVMEDGAAAARRGADKPYGAVAGYASTFDPRPGSDQEPGLRRALEMALAQARITPADIDLVYADACGVPELDLVEAETLARVFGPRGVPVTAPKTMTGRLLAGGASLDLATALLSLRDQVVPPTVNIDRPAHGRLIDLVVGEPREARLTHALVLARGYGGFNSAMVVRREA
Chartreusin,COC1C(O)C(C)OC(OC2C(Oc3cccc4c(O)c5c(=O)oc6ccc(C)c7c(=O)oc(c34)c5c67)OC(C)C(O)C2O)C1O,CAH10162.1,MSAKVVVTGLGVAAPNGLGTRAYWEATLRGRSGIAPLKRFDARGYPARLAGEVPGFEPAEHLPGRLLPQTDHMTRMALVAADWALADARADPERLAEFSMGVVTASSSGGFEFGQRELEKLWSKGSRYVSSYQSFAWFYAVNTGQISIRNGMRGPSGVLVSDQAGGLDAVAQARRLVREGLALVVSGGVDASLCPWGWVAQLSTGRLSTGDDPRSAYLPFSAAARGYVPGEGGAILVLEEEGAAARRRPGAPYGEIAGYGATFDPHPDSGRPPRLRDAIEIALGDAGLDPSDVDVLFADAAGLPDLDRVEAEAISDVFGPRGVPVTAPKTMTGRLYSGGAALDLAAALLSLNEGVVPPTVNVGRPAPEYAIDLVVRPRPAPLRVALVLARGHGGFNAAMVVRAPHARD
Chartreusin,COC1C(O)C(C)OC(OC2C(Oc3cccc4c(O)c5c(=O)oc6ccc(C)c7c(=O)oc(c34)c5c67)OC(C)C(O)C2O)C1O,AXS67803.1,MTAKVVVTGLGVAAPNGLGTRAYWEATLRGRSGIAPLKRFDARGYPARLAGEVPGFEPAEHLPGRLLPQTDHMTRMALVAADWALADARADPERLAEFSMGVVTASSSGGFEFGQRELEKLWSKGSRYVSSYQSFAWFYAVNTGQISIRNGMRGPSGVLVSDQAGGLDAVAQARRLVRDGLALVVSGGVDGSLCPWGWVAQLSTGRLSTGDDPRSAYVPFSAAARGYVPGEGGAILVLEEAGAAARRRQDAPYGEIAGYGATFDPHPDSGRPPRLRDAIEIALGDAGLDPSDVDVLFADAAGLPDLDRAEAEAVNDVFGPCGVPVTAPKTMTGRLYSGGAALDLAAALLALNEGVVPPTVNVGRPAPEYAIDLVVRPRPAPLRVALVLARGHGGFNAAMVVRAPHPRD
Chattamycin A,COC1CC(OC2C=C(C)CC3(O)C(OC(C)=O)C(O)C4=C(C(=O)c5ccc(C6CC(O)C(O)C(C)O6)c(O)c5C4=O)C23O)OC(C)C1O,WP_046929080.1,MTAPVVVTGIGVTAPNGLGTGPYWEATRIGRSGIGRISRFDPSPYPSRLAGEVPGFNAEEHLPNRLLPQTDRMTRLALVAADWALADAGIKPAELPEFDMGVVTASASGGFEFGQNELRALWSKGGQYVSAYQSFAWFYAVNSGQISIRNGMKGPSGVLVSDQAGGLDAIAQARRQIRRGTRLIVSGGVDASICSWGWVAQLTGERISTSEDPDRAYLPFDREARGHVPGEGGALHILEDGESARERGARIYGEIAGYGSTFDPGPGSGRPPGLRRAIQLALDDAGMAPDEVDVVFADAAAVPELDRIEAQAVSGVFGRRGVPVTAPKTMTGRLYSGGAPLDLAAALLAIREGLIPPTPNVTPDPAYQIDLVTRARPASVRAALVVARGHGGFNSALIVRAPQAGGV
Chelocardin,CC(=O)C1=C(O)C2(O)C(=O)c3c(c(C)c4ccc(C)c(O)c4c3O)CC2C(N)C1=O,AHD25927.1,MSVETEPAPVPGRSTVRPVVTGLGVIAPNGMGTEAYWAATLRGDSGLRRITRFDPDGYPARIAGEVSFDPAGRLPDRLLPQTDHMTRLALIAAEEALADAGADPRNLPDYATGVMTAASGGGFEFGQRELQELWSKGGSYVSAYQSFAWFYPVNTGQISIRHGMRGSSGTLVSEQAGGLDAVAKARRHVRDGTPLMVTGGIDGSLCPWSWLCMLRSGRLSTASDPQRAYLPFDTEASGMVPGEGGALLVIEDPAAAQRRGVDRIYGQIAGYCATFDPGPGSRRPPGLRRAVEQALAEARLHPSEVDVVFADAAGLPDLDRAEIEVLVRIFGARAVPVTAPKTMTGRLLAGGSSLDLATALLSLRDKVIPPTVHIGKFGYRDEIDLVRDSPRQAPLSTALVLARGYGGFNSAMVLRGAT
Chlortetracycline,CN(C)C1C(=O)C(C(N)=O)=C(O)C2(O)C(=O)C3=C(O)c4c(O)ccc(Cl)c4C(C)(O)C3CC12,AEI98665.1,MTDVVVTGIGVVAPNGWGVAEYWDATLAGRSGLGPLTRFDSTGYRAHVAGEVNFTPEEHLPGRLLPQTDHMTRLALVAAEEALADAGADPTTMPDFSAGVVTAASAGGFEFGQKELQALWSKGPAYVSAYQSFAWFYPVNTGQISIRHGMRGPGSALVAEQAGGLDALAKARRHVREGTALMLAGAVDGSLCPWSWLCLSRSGTVSPRRDPQRAFLPFDADASGGVPGEGGALLVLETPDGAAERGQHRHYGRIAGYAATFDPRPGSGRPPGLRRAIDTALADAGIGPSDVDVVFADASGVAERDRAEAEVLGAVFGPRGVPVTAPKTMTGRLLAGGAPLDVAAALLSLRDGVIPPSVHIGRPAHPDLDLVRDRPRPARLGSALVLARGHGGFNSALVLTS
Chromomycin A3,COC(C(=O)C(O)C(C)O)C1Cc2cc3cc(OC4CC(OC5CC(O)C(OC)C(C)O5)C(OC(C)=O)C(C)O4)c(C)c(O)c3c(O)c2C(=O)C1OC1CC(OC2CC(OC3CC(C)(O)C(OC(C)=O)C(C)O3)C(O)C(C)O2)C(O)C(C)O1,CAE17526.1,MRPPALTGMGVLAPNGAGQQAYWAATLRGENGIGRITRFDPASYPARLAGEIGGFDASAELPNRLIPQTDEVTRLSLVAAGWALADAALDPAALPEYAMGVVTANTAGGFEFGQRELENLWSKGSGHVSAYQSFAWFYAVNTGQVSIRHGLRGPGSVVVADGAGGLDALAQARRMIRGGTPLVLGGAVDGSLCPWSWTAQLTVGRLSTREDPADAYLPFDARACGHVLGEGGALLVVEDQDSARARGARVHGLLDGCASTFDPRPGTGRPPGLERAVRRALEDAAWDPADVDVVFADAAGSPGPDREEADALAAVFGPHGVPVTAPKTMTGRLAAGSGPLDVATALLSFADQVIPPTVHVREPVQAYRLDLVTAPRRVPLRRALVLGRGHGGFNSVVAVSAPPEAGPVPSPSGTSARTTLGA
Chrysomycin,COc1cc2c(oc(=O)c3cc(C)cc(OC)c32)c2c(C3OC(C)C(O)C(C)(O)C3O)ccc(O)c12,CBH32089.1,MTVVAVTGIGAIAPNGQGTEAYWKSTVEGIGGIAEISRFDASAYPSKLAGEVVFDAPAHLPSRLIPATDHMTRLALAAADWALEDAAVRPADLPDFSTGVITAGSAGGFELGQRELENLWSKGSKYVSVYQSYAWFYAVNSGQISIRHGMRGPSGVVVGDHAGGLDAIAQSRRQIRKGTSLIVSGAVDGSLCPWGWVAQMTDPRMSSAADPREAYLPFDPRAGGYVPGEGGALLVMEDLEHARGRGARIYGEVAGYGATTDPRPGSSREPGLRRALTLALDDAGAAPEDVDVVFADAAAVPELDRVEVEAINRVFGAGRVPVTAPKTMTGRPAAGTAALDVAGALLAIRDGVIPPTVNVTRAPAYDIDLVTGSARRAPVRTAVVLARGHGGFNSAVVVREAR
Cinerubin  B,CCC1(O)CC(OC2CC(N(C)C)C(OC3CC4OC5CC(=O)C(C)OC5OC4C(C)O3)C(C)O2)c2c(cc3c(c2O)C(=O)c2c(O)ccc(O)c2C3=O)C1C(=O)OC,EDY42531.1,MTAPAAAPKAVVTGIGVLAPNGVGAREYWSATLRGESGIGPLTRFDPSSYPSRLAGEVTGFSVRDHVPGRLVPQTDRTTQFALAGADWALADCGLDPGSLTADERGVVTASASGGFEFGQRELGHLWGEGPKHVSAYMSFAWFYAVNSGQISIRHDLRGPTGVLVTDQAGGLDAVAQARRRVRGGTPLMLTGGMDASLCPYGLAAQISAGILSESDDPAHAYRPFAEDADGHVPGEGGAILTLEDGARAEERGARVYGEIAGYAASFDPRPGSGRPSTLERAVRGALADAGARPEDIAFVLADGAGEPGADRAEAQALGAVFGPGGVPVTVPKTMTGRLYSGAAPLDLVCALFALRDGVVPPTVHVDAPVAGYGLDLVTGGPRPLDGDRVLVLARGRGGFNSAMVVRRSPAA
Clostrubin A,CC(O)=c1ccc2c(c1O)c(=O)c1c3cc(C)cc(=O)c3c(O)c3c(O)cc(C)c2c31,WP_077837155.1,MLRKVVITGIGVVSPAGIGKNNFWDTISKGKCCIKNITRFDTTDVPIKVAGEISDFAVTDFMSKRWIRKSDRFAHLAVAATKLAIEDAKLNLEVEDRERIGISIGNNVGGWEFGEQGLYALYKEGENMVSPYQASAWFPAAAQGLVSIIYDIKGISKTTVADRASGMMALGLAMRMISSGQADVMVAGGTEAPIAPYAMLCYYSSGSLSEESDPKKAYTPFNKNSNGIALGEGSGIVILEEYEHAVKRGAHIYAELAGYAAYTDSNLEDFELCEGLSKSMSKALERGKVSPSEINYICAEGSGSERDFKLENNSIKKIFGENSQCIPISVPKSTYGHLYGASSPVDLVSTIMAMENGMVPPTINFTSPADGCDLNYIANKPIKCEIRNALINSRGQDGVNASLLVKKFR
Clostrubin A,CC(O)=c1ccc2c(c1O)c(=O)c1c3cc(C)cc(=O)c3c(O)c3c(O)cc(C)c2c31,WP_077846909.1,MARKVVVTGIGVVSPAGIGKNNFWDTISKGECCIKNITRFDTTDVPIKVAGEINNFIATDFMSKRWIRKSDRFSHLAVAATKLAIEDANLILEAEDRDRIGISIGNNVGGWEFGEQGLYSLYKEGEGMVSPYQASAWFPAAAQGLISIIYDIKGISKTTVADRTSGMMALGLAMRMISSGQADVMVAGGTEAPIAPYAMLCYYSSGSLSEESDPKKAYTPFNKNPNGIVLGEGSGIVILEEYEHAIKRGAHIYAELAGYAAYTDSSLEDFELCEGLSKSMFKALARGEASPSEIDYICAEGSGTENDFKLENDSIKKVFGENSESIPISVPKSAYGHLYGASSPVDLVSTIMAMENGMVPPTINFTSTADGCDLNYIANKPIKCEIKNALINSRGQDGVNASLLVKKFI
Collinone,COc1cc(=O)c2c(=O)c3c(c(=O)c=2c1=O)=C(O)C1(O)c2c(cc4cc(C)oc(=O)c4c2O)CCC1(O)C=3O,AAG26880.1,MSEPRPQRVAVTGIGVVAPNGSSTETFWKSTREGISVLDRVTREGCEHLPLRVAGQVRGFDPSAAIEERFLVQTDRFTHFAMAAADLALDDARLPRSVTDEVPFSVGVVTAAGSGGGEFGQRELQQLWGKGSRFVGPYQSIAWFYAASTGQISIRRGFKGPCSVVAADEAGGLDALAHAARAVRRGTDVIVAGATEAPIAPYSVVCQLGYEELSTVDDPTRAYRPFTSAACGFVPAEGGAMVVVEAEGTARERGAPVRAHLAGHAATFTGASRWEESREGLAQAVRGALAEAGCAPEEIDVVFADALGVPEADRAEALAIADALGAHGTRVPVTAPKTGIGRGYCAAPLMDAAAAVLSMEHGLIPPTPNVFDICHDLDLVTGRARTAEVRTALVLSRGLMGSNSALVLRHGAADASS
Cosmomycin B,CCC1(O)CCc2c(O)c3c(c(O)c2C1OC1CC(N(C)C)C(OC2CC(O)C(OC4CCC(O)C(C)O4)C(C)O2)C(C)O1)C(=O)c1cccc(O)c1C3=O,ABC00728.1,MTPVVVTGIGVVAPTGIGLDAYWAATLRGDDGIRRVQAFDPSRYPTRRAGEVTGFEAGDHLPSRLIPQTDRMTQFALAAADWAVADAGIDLDAVPSLERGVVTAGASGGFGFGQRELQHLWGESPKKVSAYMSFAWFYAVNTGQISIRHGMNGPTGVFVGEQAGGLDALAHARRQIRAGARLMISGGMDCSLCPYGMAAQLAGGRLTADAYLPFDDQASGHLPGEGGALLTLESAEGARARGRGHYGEIAGFGATFDPRPGSGRPPALRRAVEQALADAQAAPEDIAVVFADGAGVPELDAAEAAALTEVFGPGGVPVTVPKTATGRLYSGAGPLDVVTALLTLRDGIAPPTVNVSRVPDTYGLDLVLGRPRPVSGTAALVLARGHHGFNSALVVRAPAPGDAVAHRPEERTAA
Cosmomycin C,CCC1(O)CC(OC2CC(N(C)C)C(OC3CC(O)C(OC4CCC(O)C(C)O4)C(C)O3)C(C)O2)c2c(O)c3c(c(O)c2C1OC1CC(N(C)C)C(OC2CCC(OC4CCC(O)C(C)O4)C(C)O2)C(C)O1)C(=O)c1cccc(O)c1C3=O,WP_018891747.1,MTPVVVTGIGVVAPTGIGLDAYWAATLRGEDAVRRVRAFDPSRYPTRLAGEVTGFEAAGHLPGRLIPQTDRMTQFALAAADWAVADAGIDLDSVPSLRRGVVTAGSSGGFGFGQRELQHLWGESPKKVSAYMSFAWFYAVNTGQISIRHGMNGPTGVLVGEQAGGLDALAQARRQIRAGAQLMISGGMDCSLCPYGMAAQLAGGRLTTGAYRPFDDRASGHLPGEGGALLTLESAEGARTRGRRHYGEIAGFGATFDPRPGSGRPPALRRAVEQALADAGTAPEEIAVVFADGAGMPELDAAEADALTGVFGVRGVPVAVPKTATGRLYSGAGPLDVVTALLSLREGLAPPAVNVSRVPERYGLDLVVGRPRPLSGTAALVLARGHHGFNSAMVVRDPGPAGAVGVPAGGRAAA
Curamycin,COCC1OC(OC2OCC3OC4(OC3C2OC(C)=O)OC(C)C(O)(C(C)=O)C2OCOC24)C(OC)C(O)C1OC1OC(C)C(OC)C(OC2CC3(C)OC4(CC(O)C(OC5CC(O)C(OC(=O)c6c(C)c(Cl)c(O)c(Cl)c6OC)C(C)O5)C(C)O4)OC3C(C)O2)C1O,CAA44381.1,MNGSGSGIRTRRTAVTGIGVVAPNGLHADTYWKSVKEGASVLDRITREGCEHLPLRVAGEVRGFDPSALIEETFLVQTDLFTHFALAAADAALQDAGLTKAAAVADSPYSVGVVTAAGSGGGEFGQRELQKLWGQGSRFVGPYQSIAWFYAASTGQISIRSGFKGPCGVVASDEAGGLDAVAHAARVVERGTDVVVVGAAEAPLAPYSMVCQLGYPELSTDEDPAIAYRPFTSAARGFVPAEGGAVLIVEEADRAHRRGAVVRATVAGHAATFTGASHWDQSREGLAHAIHGALDEAGCAPEEIDVVFADAMGVPEADRAEALALVDALGRHAPRVPVTAPKTGIGRSYCGAALLDIAAGAGMEHGQIPPTPNVFDICHQIDLVTATARPASSAPLVLSRGLMGSNAALVLRPGPGSTA
Compound 11 and 12,CC(=O)N[C@H](CS[C@H](C)CC(=O)c1c(C)cc2c(c1O)C(=O)c1c(O)cccc1C2=O)C(=O)O,WP_030562169.1,MSAGAVITGIGVLAPSGTGVKEFWDTTLIGKNMIGPVTRFDASAHQARLAGEIRGFDPAEHLPVRLVRQTDRMTQLALAAADQALADSGVRLETVPAHQRGVVTAVASGGSEFAQNELRKMGGAGGGHLSAYASFAWFPAVNSGQISVRNDLRGPAGALAGDHAAGLDALGQAGRRIRGGARLIVAGGVDAPVCSWAWAAHLSTGLLSTGRDPERAYLPFDAAARGHVLGEGGALMTVEDETAARARGAHTLYGRIAGHASTLDPRPGSGREPGLRRAAALALADAGCRPADVDVVFADAAGTPRADREEAEAITRLFGLRGVPVTAPKAAIGRLSSGGAPVDVVTALLAMRDGRIPATPQVEPVLTYGLDLVTGRSRTASVRTALVLARGHGGFNAALVLRAVD
Cytorhodin,CCC1(OC2CC(N(C)C)C(O)C(C)O2)Cc2c(O)c3c(c(O)c2C(OC2CC(N(C)C)C(OC4CCC(OC5CCC(O)C(C)O5)C(C)O4)C(C)O2)C1)C(=O)c1cccc(O)c1C3=O,ATJ00754.1,MTPVVVTGIGVVAPTGIGLDAYWAATLRGEDAIRRVRAFDPSRYPTRLAGEVTGFEAAGHLPGRLIPQTDRMTQFALAAADWAVADAGIDLDSVPSLRRGVVTAGSSGGFGFGQRELQHLWGESPKKVSAYMSFAWFYAVNTGQISIRHGMNGPTGVLVGEQAGGLDALAQARRQIRAGAQLMLSGGMDCSLCPYGMAAQLAGGRLTTGAYRPFDDRASGHLPGEGGALLTLESAEGARARGRRHYGEIAGFGATFDPRPGSGRPPALRRAVEQALADAGAAPEEIAVVFADGAGVPDLDAAEADALTGVFGVRGVPVAVPKTATGRLYSGAGPLDVVTALLSLREGLAPPAVNVSRVPERYGLDLVVGRPRPLSGTAALVLARGHHGFNSAMVVRAPGPAGAVGVPAGGRAAA
Dactylocycline A,COc1cc(O)c2c(c1Cl)C(C)(OC1CC(C)(NO)C(OC)C(C)O1)C1CC3(O)C(N(C)C)C(=O)C(C(N)=O)=C(O)C3(O)C(=O)C1=C2O,AFU65894.1,MTAAVVTGLGVVAPNGLGVEAYWSAVLAGTSGIARIARFDPSGYSSQLAGEVTADMTALLPSRLLPQTDHMTRLALVAAEEALADAGVDPATLPPYAAGVVTAASAGGFEFGHRELEALWSKGGAYVSAYQSFAWFYPVNTGQISIRHGMRGPGSALVAEQAGALDAVAKARRHVRDGTRLMLTGGVDGSLSPWSWVCLIRSNRLTRGTDPGRAYLPFDRAAGGYVPGEGGALLVLEDAGQARARGAAKVYGTVAGHAATFDPPPSSGRGPALRRAVELALDRARITAADVDVVFADAAGLAELDRVEATALAGVFGPRGVPVTAPKTLTGRLLAGGAALDLATALLAMRDSVVPPTAHVDDPAFADLIDLVGPQPRPARLRTALVVARGHGGNNAAMVLRRD
Daunorubicin,O=C(O)CCCCC1SCC2NC(=O)NC21,AAA87619.1,MVTGLGIVAPNGLGVGAIWDAVLNGRNGIGPLRRFADDGRLGRLAGEVSDFVPEDHLPKRLLVQTDPMTQMTALAAAEWALREAGCAPSSPLEAGVITASASGGFASGQRELQNLWSKGPAHVSAYMSFAWFYAVNTGQIAIRHDLRGPVGVVVAEQAGGLDALAHARRKVRGGAELIVSGAMDSSLCPYGMAAQVRSGRLSGSDDPTAGYLPFDRRAAGHVPGEGGAILAVEDAERVAERGGKVYGSIAGTASFDPPPGSGRPSALARAVETALADAGLDRSDIAVVFADGAAVGELDVAEAEALASVFGPHRVPVTVPKTLTGRLYSGAGPLDVATGLLALRDEVVPATGHVHPDPDLPLDVVTGRPRAMADARAALVVARGHGGFNSALVVRGAA
Dendrubin A,CC(=O)c1ccc2c(c1O)C(=O)c1c(cc(C)c(C(C)=O)c1O)C2=O,WP_092069525.1,MNAKQVVITGLGVIAPNGIGKNQVWENSVAGKNYIQQITKFAVQDWPAQMAGEVRGFAETDFISSRQAHKLDVFTKYAIAASDLAIKDSDIKLNQMNADRIGVYIGNCFGGWTFNDPQLRLLHTNGIDDFSPFVGTAWFPAAPQGEITIKNKLRGHSKTFDSGRASGLTAIGYGARAVLQGRADIILAGGTEGLINPFTFAALCTEGIEEPRHRIAESGVYQPFDRRRNGWVPGEGAAILVLEEYEHAKRREAKIYGEIKGFSDSTVACHPRFLSGQELGLDYTMTEALADADLSQQQIDLIIADGLGTELGDLWEYRAVKKSLDKVYSTVPVTVPKTMTGNLYGAAGALDAFWAAMSIENNTVLPTLNYEVADPLIELNIVHETQRERTINNVMINGRGNGGICASLVIGSVAAMQ
Doxorubicin,COc1cccc2c1C(=O)c1c(O)c3c(c(O)c1C2=O)CC(O)(C(=O)CO)CC3OC1CC(N)C(O)C(C)O1,AAA65207.1,MTGTAARTASSQLHASPAGRRGLRGRAVVTGLGIVAPNGLGVGAYWDAVLNGRNGIGPLRRFTGDGRLGRLAGEVSDFVPEDHLPKRLLAQTDPMTQYALAAAEWALRESGCSPSSPLEAGVITASASGGFAFGQRELQNLWSKGPAHVSAYMSFAWFYAVNTGQIAIRHDLRGPVGVVVAEQAGGLDALAHARRKVRGGAELIVSGAVDSSLCPYGMAAQVKSGRLSGSDNPTAGYLPFDRRAAGHVPGEGGAILTVEDAERAAERGAKVYGSIAGYGASFDPPPGSGRPSALARAVETALADAGLDGSDIAVVFADGAAVPELDAAEAEALASVFGPRRVPVTVPKTLTGRLYSGAGPLDVATALLALRDEVVPATAHVDPDPDLPLDVVTGRPRSLADARAALLVARGYGGFNSALVVRGAA
Dutomycin,CCCC(C)C=C(C)C(=O)OC1C(C)OC(OC2CCC(OC3C(=O)C(C(C)=O)=C(O)C4(O)C(=O)c5c(O)c6c(c(C)c5CC34O)C(=O)C(OC)=CC6=O)OC2C)CC1(C)O,AKD43513.1,MNAAVVTGIGVVAPNGLSTEEYWSATLAGRSGIGRITRFDPERYRATLAGEIRGFDPAAHLPSRLIPQTDHSTRLSLVAADQAIRDAGLDTGQLPEYGVGVVTANSAGGFEFGHQELDNLWRQGPEYVSAYQSFAWFYAVNTGQISIRHGLRGPSGVLVADEAGGLDALAQARRLLRRDLNAVVTGAVDGSLCPWGWIAQTSTGQLSAAKDPALAYRPFDEEAAGFVPGEGGAILVVEDEAAARKRRAPQVHGRLLGYAATFDPKPGTAPADDTSALRGAIELALADAGAAPDDIDAVFADAAGIAHLDRAEAAALTAVFGGRELPVAIPKTLTGRLGAGAGPLDVATALLALRDGVLPPAAHTRPSPRYGLQVIVDRPLELRMGAVLVVARGLGGFNSAMVVGASH
Elloramycin,COC(=O)c1c(OC2OC(C)C(OC)C(OC)C2OC)cc2cc3c(c(O)c2c1C)C(=O)C1(OC)C(=O)C=C(OC)C(O)C1(O)C3=O,CAP12601.1,MTGSDTEDGSTGWITGLGVVAPNGIGAEEYWKATLEGRSGLRTITGFDAGQYPVRVAGEVGTFADEPSLSGRILPQTDRMTRYALVASDWALADSGVRTDEHDGFSTGVITASAAGGFEFGQRELQKLWGSGPGEVSAYQSFAWFYAVNTGQISIRHGLRGHSSVAVAEQAGGLDAVAQATRLVDHGTLRVAVAGGFEAPVSPWGLVAQIPSGLLSTVADPARAYLPFDPDASGWVPGEGGAALVVERAADARARGADHVYGRIAGHASTFDPRPGLGRPPALARAVRTALDRARTHPGDIDVVFADAAGLPEQDAAEVAALTEVFGSRKVPVTAPKTMTGRLYSGGGALDTATALLALRDGVVPPTVGTRTAPPELDLVLGAPRDLPLRNALVLARGTGGFNSAVVVARV
Enduracyclinone A,COc1c(OC)c2c(=O)c3cc(C)n(C(CC4CN(C)C(N)=N4)C(=O)O)c(=O)c3c(=O)c2c2cc3c(=O)c4cc(O)cc(O)c4c(=O)c3c(OC)c12,AYP71360.1,MRERLGVTGIGVVAPNGTTTEEYWAATLAGRSGIGPITRFDPASYPARLAGEVRGFTARELLPSRITTQTDHWTHMGLVAADRALADAGVRPADLPEYEMTVVTASSSGGTEFGQKEMTGLWGSGPDHVGAYQSIAWFYAASTGQISIRNGMRGPCAAIATEQAGGLDAVGQARRMLRSGARLALVGGTDASLCPYGLVAQLSNGGLSTLADASRAYVPFDEKACGYVPGEGGAMFTVERIDGGHEAIYGYIAGYAATFDPPPERERPPTLTRAITLALEDAGLRPDEIDVVFADAMGLPAADRAEADALNAIFGPHKVPVTAPKTMTGRLYAGGAALDVATALLSMRDGVIPPTVGTTDPVRSLGLDLVLGRPRERTLRTALVVARGFGGFNAALVLTK
Enterocin,COc1cc(C2C3(O)C(O)C4CC2(O)C(O)(C(=O)O4)C3C(=O)c2ccccc2)oc(=O)c1,AAF81729.1,MSTDIVITGMGVTAPTGLSVKEYWNATLAGTQGIAPLQEFDPTPYTARLAGQITGFEAKRHLPGRLLPQTDRVTRLALVAADRALEDAQVDVGELGTYECGVVTSNATGGFEFSHREMQRLWTQGPDRVSVYQCFAWFYAVNTGQISIRHKMRGPGGVVVAEQAGGLDAIGHARRTITRGRSRLMVTGGVESSFDPWGWVSHLASGTVSTATDPATAYLPFDQRACGYVPGEGGALLVMEDAQSARGRTDRRPYGKITGYAATFDPAPGAQRPSGLRRAVDLALADAGLKPDAIDLVVADAAGVADLDAQEADALRAVFGPYGVPVCAPKTMVGRLMAGGGPLDVVCALLALRDNVIPPAVNVTDVVDDYQIDLVRDEPRTCPLSRALVLARGAGGFNSAVIVEHTP
Erdacin,CC(=O)C1=C2C(=C3C1=C(O)C(=O)c1c(O)cccc13)C(C(C)=O)C(O)(C(=O)O)c1c(O)cccc12,ACX83618.1,MSARTVVTGVAVAAPGGLGAEEYWKSALTGNSGISELTRFDTTAFPSRLAGQILDFEAKDHLPSRLLPQTDVSTRYALAAADWALADAAVTLDTLPDYEMGVVTANALGGFDFTHQEFQKLWAQGPEFVSVYESFAWFYAVNTGQISIRNAMRGPSAALVAEQAGGLDAIGHARRTIASGTRLVLSGGVDSAFDPWGWASQLAGGLVSTSDDPARAYLPFDVHARGHVPGEGGAILIVEDASSAAERGAPKVYGEIAGYAATFDPAPGSGRPPGLRRAAELALAQAGVTPADVDVVYADAAGVPELDRIEAEAITGVFGPRAVPVTAPKTLTGRMYSGGGPVDVVAALMSIRDQVVPGTAGTTEVPEEYGLDLVFGEPRELPVTTVLVLARGRWGFNSALVVTAPTP
FD-594,CCCC1Cc2cc3c(c(O)c2C(=O)O1)-c1c(c(OC)c2oc4ccc(OC5CC(O)C(OC6CC(O)C(OC7CC(OC)C(O)C(C)O7)C(C)O6)C(C)O5)c(O)c4c(=O)c2c1O)C(O)C3O,BAJ52682.1,MSDGHGTKDSAGAPAAVFTGIGVTAPNGLGTEEWWSATLAGKSGIDFVSSFDARSYPAQLAGEVRDFDAGAYLSPRIVVETSKMSHFALAATAMALDDAAADLTRIPEYERAVITANASGGAEFGQRELQKLWRGGPRDVSPYMSIAWFYAATTGQISIGHGMRGPCGVVVSEQAGGLDALGQARRVVRGGARLAVTGGTDSSLSPAGYVSQLPTGHLTTVTDPARAYLPFDAAASGFVPGEGGAILVMENGTTARERGIGDPYGELAGYAAAFDPRPGSARPPALARCIRAALDDARLRPEDIDVVFADGHGTAELDRQESQALAGVFGPRGVPVTVPKTMTGRLYAGAGALDAAGALLALRDQVVPPTVHVTGPAPGHALDLVLDQPRELPLRTAMVIARGHGGFNAVTVLRRAR
Fluostatin F,COC1c2c(cc(O)c3c2C(=O)c2cccc(O)c2-3)C(=O)C2(C)OC12,AEE65467.1,MTRLDPADPVVVTGLGVMSPNGLGSEAYWAATRHGITGIGPMERFDASGYPARLAGQITGFTARDHLPSRLLPQTDRMTQLALVAADWALADARITPAEIPAFTMGVCTASAQGGFEFGQHELQKLWRQGSQYVSAYQSFAWFYAVNSGQISIRNGLQGPSSVVVSDQAGGLDALAHARRQIRKGIAVMVTGAVDASLCPWGWVAQLAGGRLSTSDRPDAAYLPFDERAAGHVPGEGGAILVLEPASAAIARGARVYGQVAGYGATFDPPPGTGGRPGLDRAIRLALDEAGLPPESIDVVFADAAGLPELDRVEAEALTELFGPYGVPVTAPKTMTGRLYSGGAPLDVAAALLAMDEGLIPQTVNVTPADRYQLDLVVGHPRPAQLCNVLVLARGHGGFNAAVVLRSNPPHHAAHQRGTA
Fluostatin L,CCC(C)CCC(=O)OC1c2c(cc(O)c3c2C(=O)c2cccc(O)c2-3)C(=O)C2(C)OC12,ALJ99854.1,MTDPVVVTGLGIVSPTGLGTAPYWSATRRGVSGIGPITRFAADGYPARLAGEINGFVAGEHLPGRLLPQTDRMTQLALVAGDWALADAGITPADLPAFDMGVCTASAQGGFEFGQNELRNLWSQGSRYVSAYQSFAWFYAVNSGQLSIRNGMKGPSGVVVSDQAGGLDAVANARRQIRKGTAVMVTGAVDASLCPWGWVAQLASRRLSTSDDPDRAYLPFDERANGHVPGEGGAILVMERASRAVARGAHVYGQVAGYGATFDPAPGSGGQPGLARAIRLALAEADLPPENVDVVFADAAGIPELDQAEADAITEVFGPYGVPVTAPKTMTGRLYSGAAPLDLAAALLAMDEGLIPQTVNVTPAERYRLDLVTDHPRAAQLCSALVLARGYGGFNSAVLLRSGYPQRVAAAR
Fluostatin M,COc1cccc2c1-c1c(O)cc3c(c1C2=O)C(O)C(O)C(C)C3=O,WP_040253445.1,MSAPAVITGIGVAAPNGLGLRDYWAATLGGKSGIARLTHFDPSGYPAQLAGEVPGFVAEDHLPSRLIPQTDRMTRMALAAADWALADAGITPAELPSFDMGVVTASSSGGFEFGQGELRKLWSQGSQFVSAYQSFAWFYAVNSGQISIRNGMKGPSGVVVSDQAGGLDALAQARRQIRRGTPLIVTGAVDASLCPWGWVAQLSGGRMSTSAEAARAYLPFDREARGYVPGEGGAILIMEDAEAARARGARVHGRILGYGATFDPRPGSGRPPALRRAAQTALADAGVDAADIDVVFADAAGEPAADRAEAEVLTALFGIRGVPVTAPKTMTGRLYSGAAPLDVTAALLALRDQVIPPTVHVEPCPEYGLDLVLAQPRPAKLRTALVLARGHGGFNSALVVRGPE
Fogacin,CC1OC(CC(=O)O)Cc2cc3c(c(O)c21)C(=O)CCC3O,BAL90285.1,MTAVVTGIGVVAPNGLGAGEFWKATLEGRSGIAELTGFDSTRLRARLAGQVRDFDPRQHLPARLLPQTDISTRYALAAAGWALADAALDPAELVDYEMSVVTANALGGFGYTHDELRNLWSKGPGYVSVYESFAWFYAVNTGQISIRYGMRGPSCALVAEQAGGLDAVGHARRTIRSGSAMAVAGGVDSALDSWGWSSHLSSGRVSASGYRPFHTDADGHVPGEGGAILIIEDAAAFQRRGGGAAYGMIAGYASTFDPPPGAGRPPGLRRAAEMALADAGVAPRDVDVVFADAAGVPELDRQEAAAIRGVFGDRGVPVTAPKSLTGRLFSGGGPLDVAAALLSIRDGVVPGSPDIAGLDPAHGIDLVGEPRTGPVSTALVLARGRWGFNAAVVIRTYRA
Fogacin C,C=C(C)C[C@@H]1O[C@H](CC(=O)OC[C@H](O)CO)Cc2cc3c(c(O)c21)C(=O)CC[C@@H]3O,BAL90262.1,MTAVFTGLGVVAPTGLTVEEYWAATLAGRSGITELERFDAGRYPSRLAGQIRDFRAEDHLSGRLLPQTDRVTRLAIVAADQAIADARVDPSQLCDLEMGVISSNATGGFEFTHREIRKLWTKGPGHVSVYESFAWFNAANTGQISIRHGMRGPGSVLVAEQAGGLDAIGHAARVVAAGTPLVVTGGVESSYDPWGWVSHLASGRVSTVADPRRAYLPFDCAASGYVPGEGGAYLVLEDDAAARGRGALRYGELAGHASTFDPPAASGRPATLETAIRLALRRAGVPATGVDVVFADASGVPELDRREAAAITAVFGDHGVPVAAPKTMVGRLYAGAGPLDVVCALLAIRDGVVPGAGRDIRLPDDFRIDLATVSRPAAVRTAVILARGIGGYNSALVVRAAAR
Formicamycin A,COc1cc(C)c(-c2cc(OC)c(Cl)c3c2C(=O)C2(O)C(=O)c4c(O)cc(O)cc4C(C)(C)C2C3)c(OC)c1,AQP25564.1,MTRRTVITGVGAIAPTGIGIDLVWKAAREGLCAIAPLTRYDPRGTPLALAGEIRGFEPLEHLEGRIVAQTDRFTHLALAASDMALRDAALSPAELPPYSFGVVTASCAGGVEFGQQEIQRLWSKGPRHVGPYQSIAWFYAASTGQISLRHGLKGPSGVLVTDEAGGLDAVAYARREIGRGATAMLAGGAEAPLSPFSMACQFGHGLLSAERDARRGYLPFTARAPGFVPAEGGAMIVLEEAGAALARDAEPQAEVLGHGTTFTGARRFGPSAEGLAAAARIALAEAGVGRHEVDVVFADALGVPEADAAEVAALRAVFGARLRSVPVTAPKSGTGRAYSGAAALDVALAVRGLRHGVIPPTPRVGTTDPALHDLNLVTGRARTVPVRTALLLSRGLAGNNSALVLGRSPSQGETS
Frankiamicin,Cc1cc2c(c(O)c1C(=O)O)-c1cc3c(c(O)c1CC2O)C(=O)c1c(O)cc(O)cc1C3=O,ABW11826.1,MTVLDTAPSGTAGPARPAAGAVRPVITGLGVIAPSGVGLDAYWASTLRGELRVAPITRFDASRYDTRIAGEVPDFAAEEFVDHRYLVQTDRWTWMGMAASKLALADAAYDPAEHDPYETSVVFGSGSGGNDFGQRELSRLWTRGRTAVSVYQSIAWFYAATTGQTSIRHGLKGPSGVLVSDGAGGVDSLAQARRTIRRGTPTVLAGGAECGLTPYALTCHLSSGRVSSAASPADGYKPFDVRANGYLPGEGGATLLVEDPAAAARRGARVYGEIAGYAATHDGAHHEQAPADSRWLAAAMRRALADAELTPADVDVVFADGAGSPDLDALEAEAIRAVFGAGAVPVTAPQGLIGRLCAGGSALAAATALLSIRDGVIPAVGNLDEPDPAHGLDLVRSPREGRVRAALVNARGHGGFNSSLVLRAVDTD
Fredericamycin A,CC=CC=Cc1cc2cc3c(c(O)c2c(=O)[nH]1)C1(CC3)C(O)=c2c(=O)c3c(=O)cc(OC)c(=O)c=3c(=O)c2=C1O,AAQ08917.1,MTGPVITGVGVVAPNGLDREAWWQATLDGKSGLGRISRFDPSPYPAQVAGEATGFVPADHAPRRLVSETDAMTQYAFAATNEALADAGVDPAALNDLDMAVITANSSGGVEFGQRELEKLYAEGPQAVGAYMSIAWFYAATTGQLSIRHGMRGPCGVLCSEQAGGLDVLAQARRVLAKGTRLVVSGGTDASLSPYGLVCQLANGRLSDESRPERAYLPFDPRARGYVPGEGGAILTVESLDDARARGAGRIYGQVAGYAATFDPRPGSGRPPGLRRAAELALADAGTGPEGVDVVFADGAGLPEPDRQEAEALTGLFGRGGVPVSVPKTMTGRLYAGGAPLDVAAAVLALRDQVVPPSVNVRPDPVHGLDLVTDRPREARLRTALVLARGYGGFNAAVVLRSV
Fredericamycin C,CC=CC=CC(=O)Cc1cc2c(c(O)c1C(=O)O)-c1c(O)c3c(c(O)c1CC2)C(=O)c1c(O)c(OC)cc(O)c1C3=O,NSC21570.1,MVITGLGVVAATGMSAEEHWTALLAGKSGIGRISRFDPSSYPVTLGGEVRDFTAREQVPRRLIPQTDHWTHLALYGAERALADARIDPAALPEFEMAVVTSSSSGGTEFGQHEMERLYGQGPAWVGAYQSIAWFYAATTGQISIRHGMRGPCGVISAEQAGGLDAIGQARRLLRGESRLVVTGGTDASLCPYGLVAQLSTGLLSRVAEPERAYLPFDQRASGYVPGEGGAVLIAERAADARRKGRGYGRVLGYASGFELPGRPTTLPRTLRKALDDARLAPSGIDVVFADAVGDPRRDRVEADALAEVFGPGQVPVTAPKVLSGRLYGGGAPLDIATALLSLRDGVIPHTPGVTRPVGGIDLVRDTPRDAELRTALVVARGYGGFNAAVVLGRTDT
Frenolicin B,CCCC1OC2CC(=O)OC2C2=C1C(=O)c1c(O)cccc1C2=O,AAC18108.1,MTTAPSRTAQGAPPGAALPPVFTGIGVAAPNGLGTEEWWAATLRGEHGLRPVTEYDASGHPGGLVGRVPDFDAARHLPGRLLPQTDRVTRLALVAADEALKDAAVDPARLPEYGASAVTSNATGGFEFTHREIRKLWTEGPARVSVYESFAWFYAVNTGQISIRHGMRGPGAVVVADQAGGLDALGQARRVLRKGGVLAVSGGVESALDPWGLAAHASSGTLSRSGDPATAYLPFDRRALGTVVGEGGALLTLETPRHAEERDAPRIYGELAGYAATFDPPAGSGRPPGLERAARLALADAGLAPGDVDVVFADAAGLPAADAAEAAALRALFGPGGVPVSVPKTQTGRLASGGPALDVAAALLALRDGLVPPAVHLDEVDPAYGLDLVRDTPRALPLRTALVLARGHGGFNAAVVVRGRRRPRTA
Frigocyclinone,CC1OC(c2ccc3c(c2O)C(=O)c2ccc4c(c2C3=O)C(=O)CC(C)(O)C4)CCC1N(C)C,QDG00825.1,MSAKAVVTGIGIFTPHGLGVDDFWSATRIGKNAIGQVTRFDATPYPAQLAGEIRSFAAAQHLPSRLIPQTDRMTRMALVAADCAFGDADVQPGEFAEYDMGVVTASTSGGFEFGQNELQKLWSQGSHYVSAYQSFAWFYAVNSGQISIRNGMRGPSSVVVSDHAGGLDAIAQARRLIRKGSRLILSGGFDASICTWGWVAQLASDRLSTSTDPERAYLPFDEAADGYVPGEGGALLTLESAESARARGARRIYGEIAGYGSTFDPRPDSGREPGLRRAIETALTDAHVPAAEIDVVFADGAGTPRLDREEAEAITAVFGPAGVPVTVPKASTGRLYSGAAPVDVVTALLTIREGLIPPTINVLPSPDYDLDLVTGQARVTPVNTALVLARGYGGFNSAMVLRAPH
Gaudimycin C,CC1=CC(=O)[C@]2(O)C3=C(C(=O)c4c(O)cccc4C3=O)[C@@H](O)C[C@]2(O)C1,AAK57526.1,MSTRTVITGIGVATPNGLGVDEFWAATRVGKNAIARVTHFDPSSYPARLAGEIRGFEAKDHLPSRLIPQTDRMTQLALVAADCAFEDAGVELGNIPAYDMGVVTASTSGGFEFGQNELKKLWSQGSRYVSAYQSFAWFYAVNSGQISIRNGMKGPSGVVVSDHAGGLDAIAQARRQIRKGSKLIFSGGFDASICPWGWAAQIAGGRLSHSDRPERAYLPFDRAANGYVPGEGGALLILEDERTARERGAEKIYGEVAGYGSTFDPRPGSDREPGLRHAIEVALADAGVTAADVDVVFADAAGSPDLDRQEADAITAVFGPSGVPVTAPKTMIGRLYSGAAPVDVVAAVLAIREGLIPPTTNVELSPDYDLDLVTGQPRTASVRTALVLARGVGGFNSAVVVRAVD
Gilvocarcin V,C=Cc1cc(OC)c2c(c1)c(=O)oc1c2cc(OC)c2c(O)ccc(C3OC(C(C)O)C(O)C3O)c21,AAP69574.1,MTAHITGIDIVSPLGLSREEHWKALLDGCSGLRATQSFDSSRYDNPISGEVPHFAPEGLPKRLLPATDRMTQMSLVAAAGAFDDSGVDTSRVDPLGVGVMTASTAGGYAFGQKELQNLWSKGPRYVSTHQSYAWFYAVNTGQISIRHGCQGHSGVIVADDAGGLDAISFAARRLARGNRVMLTGSVDSTMCPWGRVAHTSTGMLSASTDARAAYLPFDARANGWVNGEGGAHLVLQTHSDGRYAAVLGHGATMDDPRAAPGTGLVRAIHLALGAARLRPGDISVVFADAAGTREADTAEAAALAEVFGPDSVPVTAPKAATGRMGCGTAALDVATAVLALRDQTIPPTVNVQADASLGVNLCSVATHHPLTNVLVLARGVGGFNSALIVGK
Granaticin,CC1OC2CC(=O)OC2c2c(O)c3c(c(O)c21)C(=O)C1=C(C3=O)C2CC(OC3CCC(O)C(C)O3)C1(O)C(C)O2,ADO32787.1,MSTPSSAGAGASGQRIVVTGLGVTAPGGIGTERYWKALLTGENGIGELSRFDASHYPSLLAGQIDDFEASDHLPGRLLPQTDVSTRYALVAADWALADAGVGPDAGFEDYDLGVVTSTAQGGFDFTHREFHKLWSQGPQYVSVYESFALFYAVNTGQISIRNTMRGPSAALVGEQAGGLDAIGHACRTVRRGTRLVLTGGVDSALDPWGYASQLAGGLVSTVADPERAYLPFDAEASGHVPGEGGAVLIVENADSARERGVERIYGEIAGYAATFDPAPGSGRPPALGRAAELALAQAGLTPADVSVVFADGAGVPDLDRAEAEAISRLFGPHGVPVTAPKALTGRLCAGGGPTDLVAALLALRDQVIPATGRTALVPDAYRLDLVTGQPREAALSTALVLARGRHGFNSAVVLTTHRP
Granaticin,CC1OC2CC(=O)OC2c2c(O)c3c(c(O)c21)C(=O)C1=C(C3=O)C2CC(OC3CCC(O)C(C)O3)C1(O)C(C)O2,CAA09654.1,MSTPDRRRAVVTGLSVAAPGGLGTERYWKSLLTGENGIAELSRFDASRYPSRLAGQIDDFEASEHLPSRLLPQTDVSTRYALAAADWALADAGVGPESGLDDYDLGVVTSTAQGGFDFTHREFHKLWSQGPAYVSVYESFAWFYAVNTGQISIRNTMRGPSAALVGEQAGGLDAIGHARRTVRRGPGWCSAVASTRRSTRGASSSQLSGGLVSTVADPERAYLPFDVDASGYVPGEGGAVLIVEDADSARARGAERIYVRSPLRRDPAPGSGRPPALGRAAELALAEAGLTPADISVVFADGAGVPELDRAEADTLARLFGPRGVPVTAPKALTGRLCAGGGPADLAAALLALRDQVIPATGRHRAVPDAYALDLVTGRPREAALSAALVLARGRHGFNSAVVVTLRGSDHRRPT
Granaticin,CC1OC2CC(=O)OC2c2c(O)c3c(c(O)c21)C(=O)C1=C(C3=O)C2CC(OC3CCC(O)C(C)O3)C1(O)C(C)O2,WP_137988252.1,MSTPSHTPDRDRPVVVTGLGVAAPGGIGTERFWKALLTGENAIGELSRFDASRYPSRLAGQIDDFEASDHLPGRLLPQTDVSTRYALAAADWALADAGVGPEAGFEDYDLGVVTSTAQGGFDFTHREFHKLWNQGPEYVSVYESFAWFYAVNTGQISIRNSMRGPSAALVGEQAGGLDAIGHARRTIRRGTRLVLSGGVDSALDPWGYASQLAGGLVSTVADPERAYLPFDADASGHVPGEGGAVLIVEDADSARERGAERIYGEIAGYAATFDPAPGSGRPPALGRAAELALAQAGLTPGDIDVVFADGAGVPELDRAEAEALGRLFGPYGVPVTAPKALTGRLCAGGGPADLAAALLALRDQVIPATGRTARVPDAYRLDLVTGQPREAALSTALVLARGRHGFNSAVVLTTHRP
Grincamycin,CC1OC(OC2CCC(OC3C(O)CC(c4ccc5c(c4O)C(=O)c4ccc(CC(C)(CC(=O)O)OC6CCC(OC7CCC(=O)C(C)O7)C(C)O6)c(O)c4C5=O)OC3C)OC2C)CCC1=O,AGO50611.1,MSATGVRAAVTGLGVVAPNGLGTETYWTATRKGISGIGRITRFVPDQYPAQLAGEIDGFDAAEHLPGRLLPQTDRMTQLALVAADWAFQDAAVRPEDLPGFEMGVITASSSGGFEFGQRELQALWSKGSRYVSAYQSFAWFYAVNSGQISIRNGMRGPSGVVVSDQAGGLDAIAQARRQLRKGTRLVMAGAVDASICPWGWVAQMASNRLSVGRDPERAYLPFDDAAAGHVPGEGGALLVMEDLEQARARGARIYGEVAGYGATLDPRPGSGRPPGLRKAVELALADAGASPGDIDVVFADAAALPDLDRIETEAITAVFGARAVPVTAPKTMTGRLYSGAAPLDLAAAFLAMRDEVIPPSVGVTPSPGHDLDLVVDRERPAPVRSALVLARGHGGFNSAAVVRAV
Griseorhodin A,COC1=CC(=O)c2c(O)c3c(c(O)c2C1=O)OC1(Oc2c(cc4cc(C)oc(=O)c4c2O)C2OC21)C3O,AAM33654.1,MSALGLPAGRRSPAAVTGLGIVAPTGIGVRRHWESVLAGKSGLGRITRFDPAGYPVEVAGEVPGFTAGEQVPRGLVDRTDRFTHFALAAAEAALADADADPAQLPEYDMAVVTAASSGGTEFGQHEMERLYQRGPAWVGAYQSIAWFYAATTGQVSIRHGMRGPCGVLCAEQAGGLDALGQSRRLLDTGSRLVLSGGTDASLCPYGLTAQLSTGALSASDDPARAYLPFDEAAAGYAPGEGGAMLLVETERGARERGVRSYGRILGYAAGFDPPSSSGRPPVLASVVRRAVADAGIGADAVDVVFADAAGTPELDRAEAAAINEVFGAGRVPVTAPKTLTGRLYAGGAPLDVATALLALSAGVIPHTPGVERPAPGLGIDLVVGGPRRTGARTAVVLARGHGGFTSALVVEGGDRTDHTA
Griseorhodin A,COC1=CC(=O)c2c(O)c3c(c(O)c2C1=O)OC1(Oc2c(cc4cc(C)oc(=O)c4c2O)C2OC21)C3O,AIE76941.1,MSALGLPAGRRSPAVVTGLGIVAPTGIGVRRHWESVLAGKSGLGRITRFDPAGYPVEVAGEVPGFTAGEQVPRGLVDRTDRFTHFALAAAEAALADADADPAQLPEYDMAVVTAASSGGTEFGQHEMERLYQRGPAWVGAYQSIAWFYAATTGQVSIRHGMRGPCGVLCAEQAGGLDALGQSRRLLDTGSRLVLSGGTDASLCPYGLTAQLSTGALSASDDPARAYLPFDEAAAGYAPGEGGAMLLVETERGARERGVRSYGRILGYAAGFDPPSSSGRPPVLASVVRRAVADAGIGADAVDVVFADAAGTPELDRAEAAAINEVFGAGRVPVTAPKTLTGRLYAGGAPLDVATALLALSAGVIPHTPGVERPAPGLGIDLVVGGPRRTGARTAVVLARGHGGFTSALVVEGGDRTDHTA
Griseusin A,CC(=O)OC1CC(C)OC2(OC3CC(=O)OC3C3=C2C(=O)c2c(O)cccc2C3=O)C1OC1CCC(N(C)C)C(C)O1,CAA54859.1,MSAPGGGDRGRTLITGMGLATPHGVDVEDFWAATRVGKNAIGPVTRFDASGYPARLAGEIRGFSAADHLPGRLVAQTDRVTQLALVAADRAFRDAGVAPGDLPANGMGVVTAAGSGGFEFGERELRKLWSLGANHVSAYQSFAWFPTANTGQIAIRSDSRGPNGVVVGDQAGGLDALGQARRLIRRGTGLVAAGGFEASLTPLGWTARLSTGLMSTSDDPDRAYLPFHPAARGYVPGEGGALLILEDERSALARGAATAHAELAGYSATLDPRPGSGREPGLRRAIELALADAGVAPAEVDVVFADAAGSPEPDAVEVAAVAGVFGPRAVPVTAPKTMIGRLQAGGAPVDVVTAVLAIREGLIPPTADAESATARELDLVVGRPRTASVGTALVLARGHGGFNSAVVLRAVD
Hatomarubigin A,COc1cccc2c1C(=O)c1c(O)cc3c(c1C2=O)C(=O)CC(C)C3,BAJ07844.1,MSVSAVVTGLGVVAPNGLGAQEYWAAARVGTSAIGRISRFDPTQYPSRLAGEIHGFVAEDHLPNRLLPQTDRMTRLALVAADWALEDAGIDPRELPAFDMGVVTSSASGGFEFGQGELQRLWSQGSEYVSAYQSFAWFYAVNSGQISIRHNMRGPSGVVVSDQAGGLDAVAQARRQIRRGTPLIVSGGVDASLCPWGWVAQLTSGLLSSDDDPATAYLPFDRRASGHVPGEGGAILIVERRDLAAARGARVYGEIAGYGATFDPRPGSDRPPALRAAIEAALADAGADAADVDVVFANGAAMPELDRVEADAINAVFGARQVPVTVPKTATGSLYSGAAALDLATVFLAIEEGLIPPTVNTEPDEGYGLDLVVGRPRTAEIRTALVLARGHRGFNSAMVVRSAD
Hedamycin,Cc1cc2c(c3oc(C4(C)OC4C4OC4C)cc(=O)c13)C(=O)c1c(O)c(C3CC(C)(N(C)C)C(O)C(C)O3)cc(C3CC(N(C)C)C(O)C(C)O3)c1C2=O,AAP85361.1,MSDALITGIGVAAPNGVGLENYWAATLKGASAVRPATRFDTAGHPVVLAAEVPESEAEAAFPRRLHPQTDRLTRLALLSSDEALADAGIDPAALDGYAMGTAVTGVTGGLEFGQRQLQLQWGTGWESVSPYMSFAWYYAVHTGQVSIRHGMRGPGGVVVSEQAGGLDSLAFARRRVRTGTAVMTAGGFDSMLCPYGMSVLSVADGVSRDGDPARAGLPFCAASTGFVPGEGGAVLVVEPGAGAAERGAPHRYGLIAGHGAAFDPDPAGSDGSSRSGLLRAARAALRDAGMTPDDIGVVFADGVGSGPLDRAEAAVLTGLFGSRRVPVSAPKALVGRMLSGGSALDVVAALLTLRDGLIPAVPGVRREDVDPRVELVVGEPRAERVDSALVLARGHGGFASALVLTXXGGGPSFRRPRRPGG
Heliquinomycin,COC(=O)c1cc2cc3c(c(O)c2c(=O)o1)OC1(Oc2c(O)c4c(c(O)c2C1OC1CC(OC)C(O)C(C)O1)C(=O)C=C(OC)C4=O)C(O)C3,WP_136741437.1,MSALGIPEGPRRPAVVTGIGVVAPTGIGVRRHWESVLAGKSGLSRITRFDPSSYPVKVAGEVPGFEAGDQVPGRLAVQTDRYTHFALAAAQAALADADADPAQLPEYEMAVVTASSSGGTEFGQHEMEQLYQRGPAWVGAYQSIAWFYAATTGQVSIRHGMRGPCGVICAEQAGGLDALGQSRRLLDTGSRLVLAGGTDASLCPYGLTAQLPTGALSTEDDPTRAYLPFDESAGGYAPGEGGAMLVVETEQGARERGAGHYGRILGYAAGFDPPAGSTRPPVLASVIRRALADAGVTADAVDVVFADAVGVPDLDRAEAGAINEVFGAGRVPVTAPKTLTGRLYAGGAALDVATALLSLSAGVIPHTAGPGRPAPGLDIDLVVDRPRHTAPRIAVVLARGHGGFTSALVVDAGDRTDHIK
Hexaricin C,COc1c2c(c(O)c3c1C(=O)c1c(O)cccc1C3=O)-c1c(cc3c(c1O)C(=O)OC(C)C3)CC2,AMK51280.1,MNRRAVITGIGVTAPNGLGTEAYWAATLEGRSGIGPISRFDPAGYPVRVAGEVSDFTAAEHVPSRLIPQTDNWTHLGLAAAAWALDDAGADPAAFPEYEMAVVTASSSGGTEFGQREIERLWSKGPSWVGAYQSIAWFYAATTGQISIRHGMRGSCGVVCAEQAGALDAAGQARQLIRTGTRLVVTGGTDASLCPYGLTAQHSTGRLSQGEDPGRAYLPFDVGAAGYVPGEGGAMLVVENAADAHARSAPVIYGEIAGYAATFDPRPGSGREPGLRRAMELALADAGLAAGGVDVVFADAAGVPELDLQEATAIRTVFGPDGVPVTAPKTMTGRLYAGGAALDLAGALLAIRDGVIPPTAGVTELAPGCDIDLVRGAAREARVGTAMVVARGYGGFNAAIVVTKTD
Hiroshidine,COC(=O)CC1OC(C)C23OC2(C(=O)c2c(C4CCC(C(C)O)N4C)ccc(O)c2C3O)C1O,QBK46636.1,MTSKDGLNGRTVITGIGVTAPNGLGTEAFWKAVLAGHTGIGPVTRFDASRYASSLAGQIDDFDAAEHLNSRLLPQTDPSTRLALVAADWALTDAGVSPDTLPDYDMGVVTSNAMGGFDFTHREFDKLWNKGPDFVSVYESFAWFYAVNTGQISIRHKLRGPSAALVGEQAGGLDALGHARRTVRRGTPLVVAGGVDSALDPWGYVSQLAGGRVTTATDPARAYLPFSADASGYVPGEGGAILVAEDEASARERGAQQVYGELAGYAATFDPAPGTGRPPALRRAAEAALADAGLAPGDIDVVFADGAGVPGLDAAEAAAISGVFGAGAVPVTAPKALTGRLYSGGGPLDVATALLSIRDGVIPPTPTGAPVPEAYGLDLVRGAPRDQRVRTALVLARGRHGFNSAVVVRAA
Huanglongmycin A,CC(=O)c1c(C)cc2c(c1O)C(=O)c1c(O)cccc1C2=O,AXL88815.1,MTVSAVVTGLGVTAPNGLGARDFWAATLAGKSGIGRLTHFDVSGYPAKLAGEIAGFEAAEHLPSRLLPQTDRGTRLSLVAADWALGDAGVNPAELAEFDMGVITASSAGGFEFSQNELKNLWSRGGQYVSAYQSFAWFYAVNTGQISIRNGMKGPSGVVVTDQAGGLDAVAQARRHIRKGTSLVVAGAVDALLCSWGWVGLHTSGRLSTEEEPTHAYLPFDDRAAGHVAGEGGALLVMESAESARARGARVYGEIAGYAATFDGRESGLRKALELALDDARVHPSDVDVVFADAAADPELDRVEAEALVEVFGPNGVPVTAPKTMTGRLYAGAASLDLAAAFLALADGVIPPTAHIEPASRYGLDLVTSQPRAAELRTALVVARGHEGFNSAMVVRS
Hyaluromycin,COc1cc(O)c2c(c1O)C(=O)C1=C(CC3(CCc4cc5cc(C(=O)NC6=C(O)CCC6=O)oc(=O)c5c(O)c4O3)O1)C2=O,WP_089099013.1,MSASGLRSGHHPPPVVTGLGVVAPTGIGVRRHWESVLAGKSGLGRITRFDPSRYPVQVAGEIPGFDAGRLVPGRLVPQTDRFTHVALIAAEAALDDARAEPRSLPEYEMAVVTASSSGGTEFGQHEMERLYQKGSSWVSAYQSIAWFYAATTGQVSIRHGMRGPCGVLCCEQAGGLEALAQSRRLLNSGSRLVLSGGTDASLCPYGLVAQMATGNLSTEDDPARAYKPFDVAASGQVPGEGGAFLVVESAASARERGVGHYGTLLGHAAGFDPPPGSGRPPVLASVIRQALANAEVGPEEVDVVFADASGVPAHDLAEARAITEVFGPGGVPVTAPKTLTGRLYAGGAALDTVTALLALTSGVVPHTAGLERQAPGCDLALVRDRPRRTDPRVAVVLARGHGGFTSALVAGRGDRTDIGQ
6-Hydroxyfujianmycin-A1,C[C@@H]1CC(=O)c2c(cc(O)c3c2C(=O)c2cccc(O)c2C3=O)[C@H]1O,WP_093715798.1,MTTSVVVTGIGVTAPNGLGTDAFWAATRAGESGIGPVKRFDATGYPAKLAGEVPGFEATDHLPSRLIPQTDHMTRLALVAADWALADAGVALDQWQQFDMGVITASSSGGFEFGQNELQKLWAKGGQYVSAYQSFAWFYAVNTGQISIRNGMQGPSGVVVSDQAGGLDALAQARRQIRKGTRLIVSGGVDGSICPWGWIAQVAAGRLTGSEDPDKAYRPFAADADGYVPGEGGALLILEDAESARERGARVYGEIAGYAATFDPKPGSGREPGLKRAIEAALADAGVTAADIDVVFADAAAVPDLDRAEAEAIGAVFGPRGVPVTAPKTMTGRLYSGAASLDTAAALLSIRDGVIPPTTNVAPAPEYDLDLVVDGPRTAPVATALVLARGYGGFNSAMVVRKAAK
Isofuranonaphthoquinone A,Cc1occ2c1C(=O)c1c(cc(O)c(O)c1O)C2=O,APR73638.1,MSSALVTGIGLIAPNADGPEPYWAATVEGRTGIGTLTRFDVSRHPVRLAGEIRDFDASARLPGRLLPQTDVSTRYALVAAERALADAGIEPGAYADYDMGVVTGNAQGGFEFTHREFRKLWSQGPEKVSVYESFAWFYAVNTGQISIRHRLRGPSSALVAEQAGGLDAIGHARRTVRRGTPMVVTGGVDSAFDPWGWVSQISGGRLTTSGDPDRAYQPFGTHADGHVPGEGGAILVLEDPRTARERGARQVYGEIAGYASTFDPAPGSGRPPGLRRAAELALRDAGLPPSDIDVVFADAAGSPDLDRVEAEAVGGLFGPHGVPVTAPKALTGRLCSGGGPLDVAAALLCLREGVIPPTYGTDEVPEEYGIDLVRGAPREVPVRAALVLARGKWGFNSAVVVRAAGVGDD
Isatropolone,CCCC(=O)C1=C2C=C(C)Oc3c4c(c(=O)cc(c32)C1=O)C1(O)C(O4)OC(C)C(OC)C1O,ARG41912.1,MTITAPGTAPAAAATRTAVVTGIGVVAPNGLGTEEWWSATLRGESGIRPVPDHSTRPGQAPLIGLIPGFEAADHLPGRLLPQTDRVTRLALVASDWALADSGADPAALPEYGMGVVTSNATGGFEFTHREIRKLWTQGPQHVSVYESFAWFYAANTGQISIRHGMRGPSNVLIAEQAGGLDALGHARRVLRKGGELVLTGGVESAFDPWGVVSHIAGGRVSRSGHPDRAYLPFDTGASGHVPGEGGAILVVETATAAAERDAGQVYGEIAGYAATFDPPPGSSAPPGLARTARLAMADAGVTPEDVDVVFADAAALPALDAAEAAAIEEIFGPYGVPVTAPKTMTGRLAGGGPALDTAAALLAVRDSVLPPTVNVERPVPGRRIDLVRGEPREARVEVALILARGHHGFNSALVVLAPNRMAAAPAGVPAAVRHHT
Isoindolinomycin,CO[C@H]1[C@@H](O)C[C@H](O[C@@H]2c3cc4c(Cl)c5c(c(O)c4c(O)c3C(=O)C[C@H]2C)C(=O)NC5)O[C@@H]1C,BBE36465.1,MSDATRVVITGIGALAANGDNAERHWAATLAGRSGIVPIGRFDASRYPTRLGGEIRGFDARGRVPRRLLPQTDRVTQYALAAAEEALEDARVDPARYDRYDLGVITASGCGGFEFGQRELQKLWSEGPQRVSAYQSFAWFYAVNTGQLSIRHGMRGHSSVVVAEQAGGLDALAAARRQVRRGTVRVALAGGLDAPLSPWGLTAQIPNGLLSEADDPHRAYLPFDRRASGYVPGEGGALLVLEPASAARERGAPTVYGEVAGYAATFDPPPHSGRGPNLAPAIRGALRDAGTDPAEIDAVCADAAGLPDRDAEEAAALVEVFGRRAVPVTAPKTLIGRTYAGGGPLDVISALLMMRDGVIPPTANVGEVPDDYGIDLVLGDPRARPVRRVLVVARGHGGFNAALVLTRT
Jadomycin,CCC(C)C1C(=O)OC2c3cc(C)cc(O)c3C3=C(C(=O)c4c(OC5CC(O)C(O)C(C)O5)cccc4C3=O)N21,AAB36563.1,MSASVVVTGLGVAAPNGLGREDFWASTLGGKSGIGPLTRFDPTGYPARLAGEVPGFAAEEHLPSRLLPQTDRMTRLALVAADWALADAGVRPEEQDDFDMGVVTASASGGFEFGQGELQKLWSQGSQYVSAYQSFAWFYAVNSGQISIRNGMKGPSGVVVSDQAGGLDAVAQARRQIRKGTRLIVSGGVDASLCPWGWVAHVASDRLSTSEEPARGYLPFDREAQGHVPGEGGAILVMEAAEAARERGARIYGEIAGYGSTFDPRPGSGREPGLRKAIELALADAGAAPGDIDVVFADAAAVPELDRVEAEALNAVFGTGAVPVTAPKTMTGRLYSGAAPLDLAAAFLAMDEGVIPPTVNVEPDAAYGLDLVVGGPRTAEVNTALVIARGHGGFNSAMVVRSAN
JBIR-76,COc1c(O)cc2c(c1O)C(=O)c1c(coc1CO)C2OC,BAU98042.1,MSVLVTGVGLIAPNGTGPQPYWTATLAGHSGIGVLSRFDVSRYPVRLAGEIRDFDAAAHLPGRLLPQTDVSTRYALVAADRALADAAIEPGAYADYDMGVVTGNGQGGFEFTHREFHKLWSRGPEKVSVYESFAWFYAVNTGQISIRNQLRGPSSALVTEQAGGLDAIGHARRTIRRGTPMVVTGGVDSAFDPWGWVSQMAGGRLTTSDDPARAYLPFGSDASGHVPGEGGAILILEDAATAAERGAPRVYGEIAGYASTFDPAPGTGRPPGLRRAAELAIDDAGLTPADIDVVFADAAGTPDLDRAEAEAISGLFGPHGVPVTAPKALTGRLCSGGGPLDVVAALLAVREGVIPPTYGTDEVPEEYGIDLVRGAPRETPVRAALVLARGRWGFNSAIVVRGARGARGAGGGRDD
Julichrome Q3-3&Q3-5,CC(=O)O[C@H](C)[C@H]1[C@@](C)(O)CC(=O)[C@]23O[C@]12C(=O)c1ccc(-c2ccc4c(c2O)[C@@H](O)[C@@]25O[C@]2(C4=O)[C@@H]([C@@H](C)OC(C)=O)[C@@](C)(O)CC5=O)c(O)c1[C@H]3O,WP_037671486.1,MTASVVVTGLGVAAPNGLGGQDFWNATLAGKSGIGPLTHFDASGYPARLAGEIGDFTAEGQLPSRLMPQTDRVTRLSLVAADWALADAGVRPAELPEFSMGVSTASSAGGFAFSQHELKNLWSKGSQYVSAYQSFAWFYAVNTGQISIRNGMKGPSGVVVTDQAGGLDAVAQARRQIRKGTSLVVAGAVDALLCSWGWVGLHTSGRLSTAEEPTHAYLPFDDRAAGHVAGEGGALLIMESGDSAKARGARVYGEIAGYAATFDGREPGLRKAVELALADAAVTAADVDVVFADAAAEPELDRVEAEAIAAVFGPHGVPVTAPKTMTGRLYAGGAALDLATAFLALGEDTIPPTVHTEPAERHGLDLVVSQPRAARLRTALVLARGHGGFNSAMVVRR
Julichrome,CC(=O)C1c2cc3c(-c4c5c(c(O)c6c(O)cccc46)C(=O)CC(C)(O)C5C(C)=O)ccc(O)c3c(O)c2C(=O)CC1(C)O,QNL10614.1,MSASVVVTGLGVAAPNGIGEDFWTATLAGKSGIGRLTRFDASRYPARLAGEIDDLTAEEHLPSRLIPQTDRVTRLSLVAADRALADARVRPAELPEFSMGVSTASSAGGFAFSQNELRNLWSKGSQYVSAYQSFAWFYAVNTGQISIRHGMKGPSGVVVTDQAGGLDAVAQARRQIRKGTSLVVAGAVDALLCPWGWVGLHTSGRLSTAEEPARAYLPFDDRAAGHVAGEGGALLIVESGASARARGAEVYGEIAGYAATFDGREPGLRKAVELALADAGASPSDVDVVFADAAAEPELDRVEAEAITKVFGAYGVPVTAPKTMTGRLYAGGAALDLAAAFLALRESTIPPTLHTELAERYGLDLVVSQPRPARLRTALVLARGHGGFNSAMLVRS
Keyicin,COC(=O)C1c2cc3c(c(O)c2C(OC2CC(N(C)C)C(OC4CC(O)C(OC5CC(C)([N+](=O)[O-])C(OC6CC(O)C(O)C(C)O6)C(C)O5)C(C)O4)C(C)O2)CC1(C)O)C(=O)c1c(O)cc2c(c1C3=O)OC1OC2(C)C(OC2CC(O)C(OC3CC(C)([N+](=O)[O-])C(OC4CC(O)C(O)C(C)O4)C(C)O3)C(C)O2)C(N(C)C)C1O,OHX01517.1,MSTAVVTGLGVVAPNGVGAGDYWAATLRGRSAIGRIDLFDVEDYPSRLGGVVTGFDAGNHLPSRLLPQTDRMTRFALAAADWAVADADIDRSALAATDLGVSTASASGGFAFGQKELEHLCADGPSHVSVYQSFAWFYAVNSGQISIRHDMRGPIGVLVADQAGGLDAIAHARRSVRKGAPLVLTGGMDSALSPYGLAALISSGMLSTADDPRHAYLPFDRKANGHVPGEGGAILTVEDGDRARERGAHVYGEIAGYAATFDPSPGSGRPGNLGRAVRAALADAGVGPDEVGVVFADAAGDADADRAEAEVIVDLFGPRGVPVTAPKTMTGRLYSGAGPLDVATALLSLRDKVIPPTVNVVADYALDLVEAPRPLTASVALVLARGRQGFNSALVVRAPRKEN
Kiamycin,COc1cccc2c1C(O)C1(O)C=Cc3cc(C)cc4c3C1C2O4,EHM27506.1,MNATTVVTGLGVAAPNGLGLESYWSAVLAGRGAIGRVGRFDPTSYPAQLAGEIAGFTAEDHLPSRLLPQTDRMTRLALVSADWALEDAGVVPDTLPAYDMGVITASHSGGFEFGQKELRALWSKGGRYVSAYQSFAWFYAVNSGQISIRNGMRGPSGVVVSDQAGGLDALAQARRQIRKGTPLIVSGAIDASICPWGWVAQLASGRLSRATDPGRAYVPFDDGAAGHVPGEGGALLILEDADHARARGARQVYAEIAGHASTFDPAPGGDRGPGLRRAVEQALCDGETAPGDVDVVFADAAAVPELDRVEAEAISKVFGPRAVPVTAPKTMTGRLYSGAAPLDVATACLSIRDGVIPPTTNTSLSPHYDIDLVTGPPRETPVRTALVLARGYGGFNSAVVVRAPRD
Kinamycin,CC(=O)OC1c2c(c(=[N+]=[N-])c3c(=O)c4c(O)cccc4c(=O)c2=3)C(OC(C)=O)C(C)(O)C1OC(C)=O,AAO65347.1,MTSSVVVTGLGVASPNGLGIQDYWAATVGGKSGIGRITRFDPSSYPAKLAGEVPGFVAEDLLPSRLLPQTDRVTRLALVAADWALADAGITPSELGEFDMGVVTASAAGGFEFGQGELQALWSKGSQYVSAYQSFAWFYAVNSGQISIRNGMKGPSGVVVSDQAGGLDAVAQARRQIRKGTSVIVSGAIDASVCPWGWVAQLASDRLSTSDEPTRAYLPFDRDASGYVAGEGGAILIMEDAESARARGARVYGEISGYGSTIDPKAGSGRPPGLRKAIELALADAGVAPGEVDVVFADAAADPELDRQEAEAINAVFGTRGVPVTAPKTMTGRLYSGAAPLDLAAAFLAMKDGLIPPTVHIDPAAEYDLDLVTGEPRTAEVRTALVVARGYGGFNSAVVVRAA
kinanthraquinone,COc1ccc2c(c1OC)C(=O)c1ccc(C=C(C)CC(N)=O)c(O)c1C2=O,WP_202233565.1,MSGAGVRTVVTGLGVAAPNGCGVEAYWAAVRKGTSGIGRVSRFDPAQYPARLAGEITDFVAEDHLPGRLLPQTDRMTRIALASADWALADAGVDPRNLPEYGMGVITASSSGGFEFGQRELRALWSKGGRHVSAYQSFAWFYAVNSGQISIRNGMRGPSGVVVSDQAGGLDALAQARRQIRKGTGLVMSGAVDASICPWGWVAQMASGRLSTSEDPERAYLPFDAAARGHVPGEGGALLVLEDLEHARARQARTPYGEIAGYGSAMDPRPGSGRPPTLVRAIELALADAGAAPEDIDVVFADAAAVPALDRIEAEAVSRVFGPRGVPVTAPKTMTGRLYSGAAPLDVAAALLALRDQVIPPSVGVTPDPGYALDLVVGAERAAPVRSALVVARGHGGFNSALVVRAVRT
Komodoquinone B,CC1(O)Cc2c(O)c3c(c(O)c2C(O)C1)C(=O)c1c(O)cccc1C3=O,WP_030957356.1,MTTTAVITGMGVIAPTGLGAASHWSRTLAGRAAIGPVSSFDAGPYPSRLAGEIAGFDPQEHGIPSRLLPQTDHMTRLALVAAEWAIEDAGVDPAAMPEYGVGVVTASSAGGFAFGHRELHNLWSKGPEHVSAYQSFAWFYAVNTGQISIRHGLRGPGGVVVTEQAGGLDALAKARRHLRDGVPMVIAGGVDGSPSPWGWVAQLAGGRISTVNDPARAYLPFDEDAAGHVPGEGGALFVLETPESARARGVRSWPAEIAGQGSTFDPAPGTGRPPNLRRAAELALDEAGLDPADIDVVFADAAGLPELDRAEADALRGLFGPQGVPVTAPKTMTGRLGAGGAALDLATAVLSIRDGVIPPTANVRRPVADYGIDLVRTPRHVPVSAALVLARGHGGFNAAAVLTRQR
Komodoquinone B,CC1(O)Cc2c(O)c3c(c(O)c2C(O)C1)C(=O)c1c(O)cccc1C3=O,WP_031147017.1,MTSTAVITGMGVIAPTGLGAESHWSRTLAGRAAIGRISHFDAERYPSRLAGEIAGFDPREHGIPSRLLPQTDHMTRLSLVAAEWAIKDAGVDLAAMPEYGVGVVTASSAGGFAFGHRELHNLWSKGPEHVSAYQSFAWFYAVNTGQISIRHGLRGPGGVVVTEQAGGLDALAKARRQLRDGVPMVIAGGVDGSPSPWGWVAQLAGGRISTADDPERAYLPFDQDAAGHVPGEGGALFVLETPESARARGVRSWYAEIAGQASTFDPAPGSGRPSTLRRAAELALDEAGLEPGDIDVVFADAAGVPDLDRAEAQAVRELFGPQGVPVTAPKTMTGRLGAGGAALDLATAVLSIRDGVIPPTANVRRPVAEYGIDLVSAPRHVPVSAALVLARGHGGFNAAAALTRQR
Kosinostatin,CC(=O)C1(O)C(O)CC(OC2c3cc4c(c(O)c3C3CC2(C)OC32C=C3CCN=C3N2)C(=O)c2cccc(O)c2C4=O)OC1C,AFJ52675.1,MTAALVTGLGVISPAGLDTETHWANTLAGRCAIGPLTRFDASGYASTLAGEVPEFDPREHLPGRLVPQTDHMTRLALLVADAALADTDVDVAALGEFGVGVVTASSAGGFEFGHRELEKLWSRGPEHVSAYQSFAWFYAVNTGQISIRHGMRGPSGVLVTEQAGGLDALGQARRHVRGELPMMVTGGVDGWLCPWGWVAHQASGCLSRSTDPGRAYLPFSADAAGYVPGEGGALFVVESAESARARGARPRYGVVAGYAATFDPPPGSGREPSLRRAIEAALADARVAPADVDVVFADAVGLPELDAAEARALAAVFGPYGVPVTVPKTMTGRLGAGGAALDVANALLSIRDGVLPPTVNVTGPAPGHELDLVTTAREARVRTALVVARGHGGFNSALVVTA
Lactonamycin,COC12CC(=O)OC13C(=O)c1c(cc4cc(O)c5c(c4c1O)CN(C)C5=O)C(=O)C3(OC1CCC(O)C(C)O1)CO2,ABX71115.1,MTARIVVTGLGVVAPNGLGTDDHWKATLATRSGVRTIARFDASGYPVRVAGEVGEFTPAEHVPGRLVPQTDRTTQFALAAAQWAVEDAGVDLAALGPYDAGVITASGCGGFEFGQRELQKLWSEGPQRVSAYQSFAWFYAVNTGQLSIRHGARGAGSVVVSEQAGGLDALASARRRLRGGDLTVVLGGGLDAPLSPWGLTAQIPVGLLSTRQDPDRAFLPFDADASGYVPGEGGAVLVVEELEAARRRGAPVVYGELAGYAATFDPRPGSGRPPALARAIVGALDDAGLRPADVDVVFADASGVPAQDAAEAAALREVFGPRGVPVAVPKTMTGRLYAGGAPLDVAGALLSIRDSVVPAAANVRDVPEAYDLDVVVDGPRELPVRAALVVARGHGGFNSALVVRAV
Lactonamycin Z,COC12CC(=O)OC13C(=O)c1c(cc4cc(O)c5c(c4c1O)CN(C)C5=O)C(=O)C3(OC1CC(O)C(O)C(C)O1)CO2,ABX71149.1,MTAKIVVTGIGIVAPNGLGTDAYWKATVATRSGLGVISRFDATLYPVQVAGEVARFTPSEHVPGRLIPQTDRTTQFALAAAQWAIEDAGVDFAELGPYDAGVITASGCGGFEFGQRELQKLWSEGPHRVSAYQSFAWFYAVNTGQLSIRHGARGAGSVVVGEQAGGVDALASARRRLRNGDLAVVLGGGMDAPLSPWGLTAQIPVGLLSTRQDPDRAYLPFDAEATGYVPGEGGAVLVLEELEAARRRGAPAVYGEIAGYAATFDPRPGSGRPPALARAIRGALSDAELGPSDVDVVFADGSGVPCNDTAEAAALREVFGPRGVPVSVPKTMTGRLYAGGAPLDVATALLSIRDQVVPAAAHLCEIPEAYGLDVVVDGPRELPVRTALVVARGHGGFNSALVVRAV
Landomycin A,Cc1cc(O)c2c(c1)CC(O)C1=C2C(=O)c2c(O)ccc(OC3CC(O)C(OC4CC(OC5CCC(OC6CC(O)C(OC7CC(OC8CCC(O)C(C)O8)C(O)C(C)O7)C(C)O6)C(C)O5)C(O)C(C)O4)C(C)O3)c2C1=O,AAD13537.1,MTARVVITGNRIAAPNGFGVEDYWAATRVGKSAIGRITRFDPTQYPARLAGEIRGFDARDHLPGRLIPQTDRMTQLALVATDSAFEDAGVKPGDIPEYDMGVVTASTAGGFEFGQNELQALWSKGSQHVSAYQSFAWFYAVNSGQISIRNGMRGHSAVVVSDQAGGLDAIAQARRQIRKGSKLICSGGVDASICPWGWVAQLANGRVSTSENTERAYLPFDADASGYVPGEGGALLILEDAEAARQRGAENVYGEIAGYGSTFDPRPGSGREPRLRRAIELALADADAEPSDIGVVFADAAGTPELDRVEAEALIEVFGAAGVPVTAPKTMTGRLYSGAAPVDVVTAVLAMREGLIPPTVNVSLSPEYDIDLVTAQPRTARVRNALVVARGYGGFNSAMVVRGTDR
Landomycin E,Cc1cc(O)c2c(c1)CC(O)C1=C2C(=O)c2c(O)ccc(OC3CC(O)C(OC4CC(OC5CCC(O)C(C)O5)C(O)C(C)O4)C(C)O3)c2C1=O,AID46991.1,MNARVVITGIGLATPHGLGLDDYWSATRVGKNAIGRVTRFDASRYPAKLAGEIQDFTARDHLPGRLIPQTDRMTQLALVAADHAFADAGVEPGTMPEFDMGVVTASTSGGFEFGQNELKKLWSQGSHYVSAYQSFAWFYAVNSGQISIRNGMRGYSGVVVSDQAGGLDAIAQARRQIRKGTKLICSGGFDASVCPWGWVAQLTSDRLSTSERPERAYLPFDAEARGYVPGEGGALLILEDADAARERGADSIYGEIAGYGATFDPKPGSGREPGLRRAIEQALADAGVGPADIDVVFADAAGTPELDRTEADALVAVFGVRGVPVTAPKTMTGRLYSGAAPVDVVAAVLCMREGLIPPTTNVTLSPEYEIDLVTGQPRAAATRAALVIARGYGGFNSAVVVRAAG
Landomycin E,Cc1cc(O)c2c(c1)CC(O)C1=C2C(=O)c2c(O)ccc(OC3CC(O)C(OC4CC(OC5CCC(O)C(C)O5)C(O)C(C)O4)C(C)O3)c2C1=O,AEM44219.1,MNARVVITGIGLATPHGLGVDDYWSATRVGKNAIGRVTRFDASRYPAKLAGEIQDFTAADHLPGRLIPQTDRMTQLALVAADDAFADAGVEPAAMPEFGMGVVTASTSGGFEFGQNELKKLWSQGSRYVSAYQSFAWFYAVNSGQISIRNGMRGYSGVVVSDQAGGLDAIAQARRQIRKGTKLICSGGFDASICPWGWVAQLTNGRLSTSERAERAYLPFDAEARGYVPGEGGALLILEDADAARERGADRIYGEIAGYGATFDPKPGSGREPGLRRAIEQALADAGVGPADIDVVFADAAGTPELDRTEADALVAVFGARGVPITAPKTMTGRLYSGAAPVDVAAAVLCMREGLIPPTTNVTLSPEFEIDLVTGQPRAASTRAALVIARGYGGFNSAVVVRAAD
LL-D49194α1,COc1c2c(c(O)c3c4c(c(C)cc13)[C@@H]1O[C@@]3([C@@H](OC)O[C@H]5C[C@@](C)(O)[C@H](O[C@H]6C[C@@H](O)[C@H](O)[C@H](C)O6)[C@H](C)O5)O[C@@H]1[C@@](OC)(O4)[C@@]31CO1)C(=O)[C@@H](O)C[C@@H]2O[C@H]1C[C@@](C)(O)[C@H](OC(C)=O)[C@H](C)O1,QDQ37911.1,MTAAVVTGLGVAAPNGLGTQAFWKATLAGQSALAPLTRFDPAPYPSVLAGEIKTFVAEEHISSRLMPQTDHMTRLALAAADWAIGDAGTDLRHLPEYGMGVVTAASGGAVEFGQRELENLWSRGKEYVSAYQSFAWFYAVNTGQISIRHKMRGPSGVLLTEQAGGIDAIGHARRHIRKGTPLVLSGGVDSALCPWGWVPQLTTTRMSTVADPDRAYLPFSADASGYVVGEGGAVVVLEDAASARERGAPHIYGEVAGYAATLDPAPAAGRPPGLRRAAENAIADAGLTPQDIDVVFADAAGVPELDQAEAAAITGLFGRHAVPVTAPKTMTGRLLAGGAALDVATALLALREGVIPPTVNVRTPAPAYGLDLVVDQPRDSSLRSALVLARGFGGFNAALVLRRCDH
Lomaiviticin A,CCC1(OC2CC(OC)C(O)C(C)O2)C(OC2CC(O)C(N(C)C)C(C)O2)c2c(c3c(O)c4c(=O)ccc(=O)c4c(O)c3c2=[N+]=[N-])C(=O)C1C1C(=O)c2c(c(=[N+]=[N-])c3c(O)c4c(=O)ccc(=O)c4c(O)c23)C(OC2CC(O)C(N(C)C)C(C)O2)C1(CC)OC1CC(OC)C(O)C(C)O1,AHF72795.1,MSTAVITGIGVAAPNGAGTENFWAATLRGESGIGLVRRFDTRGYPARLGGEINDFDPAEHLPRRLLPQTDRMTQLALAASAWALADAGVQPGTYDPGETGVAMAGAFGGFEYGQRELENLWCSGPERVSVYMSFAWFYAVNTGQLSIRHAMRGPAGVVVGDQAGGLDAVAQARRNIRKGAQLMLAGGFDSSFCPYGWVARISDGALSTAEDPRTAYLPFDLRAQGQVPGEGGAVLVVEEAAAARRRGAQIYGEIAGYAATFDATVRHGGERGLGRAVEAALADAGVTAREIGVVFADGSGRPADDRAEAETIADVFGPQGVPVTVPKTMTGRMNSGGAPADLAGALLAMRDGLIPPTVNVQTVAPGTRLDLVTDVPRPWRPGPALVLARGRGGFNSAMVLRPGAAAPGRTGAAGATGREAPTRSGGNPS
Lomaiviticin  A,CCC1(OC2CC(OC)C(O)C(C)O2)C(OC2CC(O)C(N(C)C)C(C)O2)c2c(c3c(O)c4c(=O)ccc(=O)c4c(O)c3c2=[N+]=[N-])C(=O)C1C1C(=O)c2c(c(=[N+]=[N-])c3c(O)c4c(=O)ccc(=O)c4c(O)c23)C(OC2CC(O)C(N(C)C)C(C)O2)C1(CC)OC1CC(OC)C(O)C(C)O1,ABP54675.1,MTTAVITGIGVAAPNGAGTENFWDATLRGESGIGPIRRFDVRGYPARLGGEIDDFDPAEYLPRRLLPQTDRMTQLALAASAWALADAGVEPGTYDPGETGVAMAGAFGGFEYGQRELENLWCSGPERVSVYMSFAWFYAVNTGQLSIRHTMRGPAGVVVGDQAGGLDAVAQARRNIRKGARLMLSGGFDSSFCPYGWVARMSDGALSTDEDPRTAYLPFDIRAQGQVPGEGGAVLVVEEAAAARRRGTRIYGEIAGYAATFDAAIRHGGERGLGRAVEAALADAGVTAREVGVVFADGSGRPADDRAEAETIADLFGPQGVPVTVPKTMTGRMSSGGAPVDLASALLAMRDGLIPPTVNVHTVAPGTRLDLVTGVPRPWRPGHALVLARGRGGFNSAMVLRPGAVAPALPEKPESPAVERPPDQEGES
Lomaiviticin  A,CCC1(OC2CC(OC)C(O)C(C)O2)C(OC2CC(O)C(N(C)C)C(C)O2)c2c(c3c(O)c4c(=O)ccc(=O)c4c(O)c3c2=[N+]=[N-])C(=O)C1C1C(=O)c2c(c(=[N+]=[N-])c3c(O)c4c(=O)ccc(=O)c4c(O)c23)C(OC2CC(O)C(N(C)C)C(C)O2)C1(CC)OC1CC(OC)C(O)C(C)O1,AHZ61893.1,MTTAVITGIGVAAPNGAGTENFWAATLRGESGIGPIRRFDTRGYPARLGGEIDDFDPAEHLPRRLLPQTDRMTQLALTASAWALADSGVAPGTYDPGETGVAMAGAFGGFEYGQRELENLWCSGPERVSVYMSFAWFYAVNTGQLSIRHALRGPAGVVVGDQAGGLDAVAQARRNIRKGARLMLSGGFDSSFCPYGWVARISDGTLSTDEDPRTAYLPFDLRARGQVPGEGGAVLVVEEAAAARRRGTRIYGEIAGYAATFDAAARYGGERGLGRAVEAALADAGVTAREVGVVFADGSGRPADDRAEAETIAAVFGPQGVPVTVPKTMTGRMSSGGAPVDLAGALLAMRDGLIPPTVNVRTVAPGARLDLVTGVPRPWQPGPALVLARGRGGFNSAMVLRPGTAAPNRTGAASVTGREAPTRSGGKRHEADDTVGPGGDHA
Lugdunomycin,COc1cccc2c1C(O)C13CC(O)CC1(C(=O)NC3=O)C21Oc2cc(C)cc3ccc(O)c1c23,PPQ57490.1,MNVSTVVTGLGIAAPNGLGLEEYWSATLAGRSGIGPVSRFDASSYPARLAGEIDGFVAEDHLPGRLLPQTDRMTQLALVAAGWALDDAGVVPGDLPEYDMGVITASHSGGFEFGQNELRALWSKGGKYVSAYQSFAWFYAVNSGQISIRNGMRGPSGVVVSDQAGGLDALAQARRQIRKGTPLIVSGAVDASICPWGWVAQLASDRLSHGDVPERAYLPFDDSAAGHVAGEGGALLVLEEESHARARDARRIYGRIAGHAATFDPPRDSGRAPAVQTVIDQALADAAVTAEEVDVVFADAAGLPGLDRVEAEAISKVFGPRGVPVTAPKTMTGRLYSGSAPLDVATACLSIRDAVIPPTVHTSPSGRYDIDLVTGAPREATVRYALVIARGYGGFNSAVVVGAPHG
Lysolipin I,COc1c(Cl)ccc2c(=O)c3c(O)c4c5c(c3oc12)OCOC5C(OC)c1cc2c(c(O)c1-4)C(=O)N(C)C(OC)C2O,CAM34344.1,MSVPRTAVITGIGVTAPTGVGLEAHWKSVLGGTSGIGRISRFDPSGYPVRLAGEVSGFDAPQAVPRRLLPQTDRWTQLALCAAEEALADAGVDPADLTDYDMAVVTASSSGGTEFGQHEMERLYLKGPSWVGAYQSIAWFYAATTGQLSIRHGMRGPCGVLCCEQAGGLDAMGQARRLIRDGSRLVLTGGTDASLCPYGLTAQLANGHLSTVEDPARAYLPFDADAAGYLPGEGGAILVVRDGADVPPGEGYGVILGYAAGFDPPPHSGRPPALRRTLERALADARVEPGDVDVVFADGSAVPEQDIAEAEAINAVFGRAAVPVTVPKTLTGRLYAGAAALDAATALLALRDGVIPHTAATTRKAPGCDLDLVLGEPRWGPLRTAVVLARGHGGFNAALVLQRTGEASKGGERR
Maduralactomycin A,Cc1cc(O)c2c(c1Cl)C1Oc3cccc(C(=O)O)c3C(O)=C1OC2=O,WP_103562971.1,MTAIATRRAEVVVTGLGVTAPNGLGTADYWAATCAGVGGIGPVRRFDASGYPSALAGEVPGFAAEEHLASRLLPQTDHMTRLALVTADFALADAGVSPGEWSDYDLGVVTASSAGGFEFGQRELQALWSKGGRHVSAYQSFAWFYAVNTGQISIRHSMRGPCGVVVSDHAGGLDAVAQARRQVRRGTSRLMLSGGVDGAVCSWGWVAQLASRRLSPDGYRPFDATASGYVPGEGGAFLVLEAAEPARERGARPYGRIAGYGSTFDPRPDARDREPGLRRAIGLALDDAGITPADVDVVFADAAGVRELDAAEAAAIGAVFGRHGVPVTAPQTMTGRLYAGAAALQVACALLAIRDGIVPPTTGTDPMPEYGLDLVVGEARRRPVRTALVLARGYDGNNSALIVREEV
Mayamycin,CNC1CC(c2c(O)c3c(c4c(O)cc(C)cc24)C(=O)c2cccc(O)c2C3=O)OC(C)C1O,AVO00814.1,MNAPVVVTGLGVAAPNGLGVEDFWAATRSGKSGIARLTRFDVSGYPAQLGGEVPGFVAEDLLPGRLLPQTDRMTRMALAATDWALADAGVTPGERDSFDMGVVTASSSGGFEFGQGELQKLWSQGSQYVSAYQSFAWFYAVNSGQISIRNGMKGPCGVVVSDQAGGLDAVAQARRQIRKGTPLIVSGAVDASLCPWGWVAQLTSGRLSTRSEPARAYLPFDADASGHVAGEGGAILIMESAAAARARGAKVYGEIAGYGATTDPAPGSGRPPGLRKAVELALADAGTGPDEVDVVFADAAAVPELDRVEAEALTAVFGTRGVPVTAPKTMTGRLYSGAAPLDLAAALLAMEEGLIPPTVNVEPVASLGLDLVVGQSRTAEVRTALVLARGHGGFNSAVVVRAAA
Medermycin,CC1OC2CC(=O)OC2C2=C1C(=O)c1c(ccc(C3CC(N(C)C)C(O)C(C)O3)c1O)C2=O,BAC79045.1,MSDRALITGIGVVAPNGLGVKEYWNATLEGRGGIAPLTRFDASRYPSRLAGQILGFDPAEHLPNRLLPQTDVSTRLALVAAEQALADGGVDPAELVDFDLGVITSNASGGFAFTHREFANLWSKGPEYVSVYESFAWFYAVNTGQVSIRHNVRGPGAALVAEQAGGLDALGHARRSLRLGTPLVVTGGVDSALDPWGWASHLSSGLISDSDDPDRAYLPFDARARGHVPGEGGAFLVMEDEQGALRRGAGQVYGELAGYAATFDPHPDSGRPPALRRAAELAIADAGLEPSDIGVVFADAAGSADLDRTEAEAIAAVFGPRGVPVAAPKALTGRLLAGGGPLDVVAASVRLRDGLLPAVPYEGETPDAYGIDLVRGTPRPTSARAALVLARGRWGFNSAVVVKAADRG
Mensacaricin,COc1cccc2c1[C@H](OC)[C@]13O[C@@]1(C2=O)[C@H](O)[C@H](C)[C@@](O)(C(=O)[C@@H]1O[C@H]1C)[C@@H]3O,AHL46685.1,MVTGLGVAAPNGLGRERWWQASLGALSGIAPVRRFAPAGYPAQLAGEVPDFEAAEHIPSRLMPQTDHMTRLALVAAEEALADSGVDPAALAEYAAGVITASSAGGFEFGQRELQALWRDGGSHVSAYQSFAWFYAVNTGQISIRHGLRGPSGVLVSEQAGGIDAVAQARRQLRSGVTLLVSGGVDGSLCPWGWTGQLATRRITVRSDPRRAYLPFDRDATGYVPGEGGALLILEDACAARARGATPYGTVSGYAATFDPRPGTGGEPGLRRAAENALAEAGLSAGDVDVVFADGAGVPELDRVEAEALRTLFGPYGVPVTVPKTMTGRLYAGGGSLDLAWAFMALREGVIPPTVHTADVPAPYQLDLVVAQPRRAPLRTALVLARGYGGFNSAMVLRGPAD
Metamycin A,CC(=O)C1c2cc3cccc(O)c3c(O)c2C(=O)CC1(O)C(C)C,VEJ30650.1,MTKEQSVWISGAGVSSPHGSTLSKLWLGALRGNTVIDKVSSFDITPYRSKLCGKVNDFCVEDVPGKLRPRTDRSTQLALVAAKNALENASVNYLLADPYCRSIVTANSAGGYAFGEKELRNLYQKGPAYVSTAQSYAWFYAVNTGQLSIRYGFKGRCSTLVADSAGGLDAIWEGTRLVENGQELVLTGAVESFLSPLAWVSLESTGRMSEHSHPEESYLPFDERAKGFVPAEGERT
Metathramycin,COC(C(=O)C(O)C(C)O)C1Cc2cc3cc(OC4CC(C)(O)C(O)C(C)O4)c(C)c(O)c3c(O)c2C(=O)C1OC1CC(OC2CC(OC3CC(C)(O)C(O)C(C)O3)C(O)C(C)O2)C(O)C(C)O1,QVQ68798.1,MSTKPIAVVTGLGIAAPNGLGIEDYWAAVLEGRSGIGRITRFVPDSYPAVLAGELPDFDGAAHLPDRLLPQTDRVTQIALTITDWALGDATLDPAGLPEYEMGVVTASGSGGFEFGQRELEKLWSKGPRHVSAYQSFAWFYAVNTGQISIRHGLRGPSGVLVTEQAGGLDALAQARRNIRSGAKYMIAGGVDASLCPWGWAAVASGGRLSQSQDPAQAYRPFAPDADGSVAGEGGALLVVEEMETAKERRAPRMYGEIAGYASTFDPKPGSGRASGLRRAIDLALADAELTPRDIDVVFADGAGLPALDLDEAQAVAAVFGPHSVPVTVPKTMTGRLNAGSGALDVATALLALRDGVIPPTTTVPPPPVHLGVDLVVGGPRRQPLATALVLARGEGGFNAALIVRAPR
8-O-methyltetrangomycin,COc1cccc2c1C(=O)c1ccc3c(c1C2=O)C(=O)CC(C)(O)C3,WP_114256227.1,MTATVVVTGLGVAAPNGLGTKDFWAATLTGKNGIGRVTRFDPSAYPATLAGEVPGFVAEDLLPSRLLPQTDHMTRLALVAADWALADAGVVPGERAEFDMGVVTASSSGGFEFGQGELQKLWSQGGQYVSAYQSFAWFYAVNSGQISIRNGMKGPSGVVVSDQAGGLDAVAQARRQIRKGTDLIVSGAVDASICPWGWVAQLTSGRISGGEEPSSAYLPFDAEAAGHVPGEGGAILILESGESARARDARVYGEIAGYGATFDPRPGSGREPGLRKAVELALADAGVEPGEVDVVFADAAAVPELDRVEAEALTAVFGPRGVPVTAPKTMTGRLYSGAGPLDLAAALLSIRDGRIPPTVNVELSAEYPLDLVGPRPRTAPVRTALVLARGHGGFNSAVVVRAAD
Mithramycin,COC(C(=O)C(O)C(C)O)C1Cc2cc3cc(OC4CC(OC5CC(O)C(O)C(C)O5)C(O)C(C)O4)c(C)c(O)c3c(O)c2C(=O)C1OC1CC(OC2CC(OC3CC(C)(O)C(O)C(C)O3)C(O)C(C)O2)C(O)C(C)O1,CAA61990.1,MSADASQAVITGIGVAAPNGLSVKAWWDAVLRGESGIRRLSRFDPGRYPARLAGEIRDFVDADHVPGRLLPQTDRVTRLSLAVAREAVEDAGVDLERLPRYAAGVSTASSAGGFEFGQRELQALWSKGGQYVSAYQSFAWFYAVNTGQISIGYDLRGPSGVLVTEQAGGLDAVAQARRLLRRGSELMVTGGVDSALCPWGWTAHLAGGRLSTGDDPARAYLPFSADADGEVVGEGGALLVLERAAAAPSRGARVYGVFAGYAATFDPPPGRGGTPQLARAAELALVDAGMTPDQVDVVFADAAGERAADRAEADALTRVFGARGVPVTAPKTMTGRLSAGGASLDLAAALLALRDQVVPPTVNVTEPADDCPVDLVTGRPRPLPLRAALVLARGRGGFNAAAVVRALS
Murayaquinone,CCCC(=O)c1cc2c(c(O)c1C)C(=O)C(=O)c1c(O)cccc1-2,AQW35059.1,MSARAVVTGLGVAAPNGLGTEEYWKATLRGESGIGPLTRFDASSYPARLAGEVTGFHAPDHIPGRLLPQTDHMTRLALVAADFSLADAGADPEKLPEYGMSVVTANSYGGFEFGQRELEKLWSQGGSHVSAYQSFAWFYAVNTGQISIRHGMRGPSGVLVTEQAGGIDATGHARRHIRKGTPFVLTGGVDGALSPWGWTAYLSVGELSTREDPRRAYLPFDADASGWVPGEGGAVLTVEDEEFARERGASRPYGEIAGYASGVDPRPDSGRPPVLRRVIEQALADAGLGPRDIDVVFADAAGVPEPDRIEAEAVTAVFGERGVPVTAPKTLVGRLAAGGSALDTATALLALRDGVIPPTAHVTDPAPGCAGLDLVLGAPREARLRTALVLARGTGGFTAALVVRALDGSWPRSA
Naphthocyclinone,COC(=O)CC1Cc2cc3c(c(O)c2C(C)O1)C(O)C1CC3(OC(C)=O)C2=C1C(=O)c1c(O)c3c(c(O)c1C2=O)CC(CC(=O)O)OC3C,AAD20268.1,MNSGTRSGTSSATRNGTSSGAAGAGAVVVTGVSVVAPGGLGTEEYWKSVLTGRSGIGELTRFDVTRYPARLAGQIRDFEAADHLPSRSLPQTDVSTCHALAAAAWALADAGVGAGTLPDYDMGVVTSTSQGGFEFTHREFNKLWSKGPQHVSVYESFAWFYAVNTGQISIRHGMRGPSAALVAEQAGGLDAVGHARRTVRRGTRLVLSGGVDSAFDPWGWVAQSASGRVTTATDPERAYLPFDTDASGHVPAEGGAILVVEDAASARLRGAERIYGTLAGYASTFDPRPGSGRPPGLRRAAELALADAGLAPGDIDVVFADAAGVPELDRAEAAAISGLFGPNAVPVTAPKSVTGRMYAGGGPADLVAALLAVRDGVVPATAHTTSVPAGYGIDLVLGEPRALPVRAALVLARGRWGFNSAVVVTGPTH
Nenestatin A,CCC1(OC2CC(N(C)C)C(OC)C(C)O2)C=CC2=C3C(=O)c4c(O)ccc(O)c4C(=O)C3=CC2=C1O,ARD70902.1,MTAAVITGIGVAAPNGFGTENFWAATLRGESAIRPVRRFDVSGYPARLGGELDGFDPADHIPSRLLPQTDRMTQFALAASAWALADARVEPGAYEATETGVAMAGAFGGFEYGQRELENLWRSGPEHVSVYMSFAWFYAVNTGQTSIRHGMRGPAGVIVSDQAGGLDAVAQARRNIRKGSRLMLSGGFESSFCPYGWVARMSGGTLSTGDDPRTAYVPFDVGARGYVPGEGGAVLVVEDAAGARRRGAHIHGEIAGYAATFDAAARHGGARGLRRAVEGALADAQMTAADIGVVFADGSGTPDEDHAEAEAIAAVFGPGAVPVTVPKTMTGRMSSGGASADLACALLAMRDGLIPPTVNVRTVAAGAQIDLVTGGPRRWEPEAALVIARGRGGFNSAMVLRRGTASPDVTAEATSNDSDIRTGSGGEQSCSG
Nivetetracyclate A,CCC1(O)CCc2c(cc3c(O)c4c(cc3c2O)C(O)CCC4=O)C1C(=O)OC,AGZ78375.1,MTTAPTTARPTTTAAGTARAVVTGVGVLAPNGIGAEEYWAATLRGESGIARITRFDPSSYPSRLAGEVTGFSVRDHIPSRLVPQTDRTTQFALAGADWALADAGLSADSLPADERGVVTASASGGFEFGQRELGHLWGKDPKHVSAYMSFAWFYAVNSGQVSIRHDLRGPTGVLVTDQAGGLDAVAQARRRIRRGTPLMLTGGMDASLCPYGLAAQISAGILSDSEDPARAYLPFDAAAAGHVPGEGGAILTLEDADRARERGARVHGEIVGYAATFDPRPGSGRPSNLERAVRGALDDAGLRPGDIAFVLADGAGEPEPDRVEAQALTAVFGPGGVPVTVPKTMTGRLYSGAAPLDLVTALFGLRDGLVPPTVHVEETTGHDIDLVTGAPRPVTGDAALVLARGRGGFNSAMVVRGPAAA
Nocardiopsistin A,CC(C)c1cc(=O)c2c(cc(O)c3c(=O)c4c(O)cccc4c(=O)c32)c1=O,QOP59271.1,MKATAVVTGIGVAAPNGLRTEEFWASTCAGLSGIDTVSRFDPASYPSRLAGQVRGFDAKEHLPSRLLPQTDHMTQMGLAVADWALADSGVDTSTLPEYGMGVVTAASAGGYEFGQTELEKLWSRGPRHVSAYQSFAWFYAVNTGQISIRNKMRGPCQTLVSDQAGGLDAIGQARRRVRGGVPLVMTGGVDGSICPWGWLGHLSSGRVSTAEAPERAFLPFDAAAGGHVVGEGGAHLVVEEAGAAQARGARPYGRIAGYSATFDPAPGSGLPSALPRAIEQALSDAGKAPEEVGAVFADAAAVPELDRAEAEAISGVFGPGGVPVTAPKTMTGRLHAGGGPLDVATALLALRDGVIPPTVNTELSSSYDIDLVSGEARESAELDTVLVLARGQGGFNSAMVLCAS
Nogalamycin,COC(=O)C1c2cc3c(c(O)c2C(OC2OC(C)C(OC)C(C)(OC)C2OC)CC1(C)O)C(=O)c1c(O)cc2c(c1C3=O)OC1OC2(C)C(O)C(N(C)C)C1O,CAA12018.1,MTAAVVVTGLGVVAPTGLGVREHWSSTVRGASAIGPVTRFDAGRYPSKLAGEVPGFVPEDHLPSRLMPQTDHMTRLALVAADWAFQDAAVDPSKLPEYGVGVVTASSAGGFEFGHRELQNLWSLGPQYVSAYQSFAWFYAVNTGQVSIRHGLRGPGGVLVTEQAGGLDALGQARRQLRRGLPMVVAGAVDGSPCPWGWVAQLSSGGLSTSDDPRRAYLPFDAAAGGHVPGEGGALLVLESDESARARGVTRWYGRIDGYAATFDPPPGSGRPPNLLRAAQAALDDAEVGPEAVDVVFADASGTPDEDAAEADAVRRLFGPYGVPVTAPKTMTGRLSAGGAALDVATALLALREGVVPPTVNVSRPRPEYELDLVLAPRRTPLARALVLARGRGGFNAAMVVAGPRAETR
Oviedomycin,Cc1c(O)c2cc(O)c3c(=O)c4c(O)cccc4c(=O)c3c2c(=O)c1=O,CAG14966.1,MTGTATKVVVTGLGVAAPNGLGTQDYWAATRTGKGGIGRITRFDPSQYPSRLAGEVPGFEARDHLPSRLLPQTDHMTRLALVAADWALADAGVKPQELPEFDMGVVTASSSGGFEFGQRELQALWSKGGQHVSAYQSFAWFYAVNSGQISIRNGMKGPSGVVVSEQAGGLDALAQARRQIRKGTRLIVSGGMDASVCTWGWVAQLAGKRLSTSDDPERAYLPFDAGARGHVPGEGGAILILENAEAARSRGARTYGEIAGYGSTFDPKPGSGRPPGLRKAIELALADAGAAPDEVDVVFADAAAVPELDRIEAEALTAVFGARGVPVTAPKTMTGRLYSGAAPLDVATALLAIEEGLIPPTTNVEPADGYDLDLVTGEARPAEVRTALVLARGFNGFNSALVVRATH
Oxytetracycline,CN(C)C1C(=O)C(C(N)=O)=C(O)C2(O)C(=O)C3=C(O)c4c(O)cccc4C(C)(O)C3C(O)C12,AAZ78326.1,MTGQLAPAPETGTGRPGGSVRPVVTGLGVVAPNGLGTERYWAATLRGDSGIGRITRFDPSGYTSSLAGEIADFDPARLPNRLLPQTDLMTRLALVAAEEALDDAGADPRTMPDFAAGVVTAASAGGFDFGQRELEALWSKGGAHVSAYQSFAWFYPVNSGQISIRHDMRGPGGALVAEQAGGLDAVAKARRHVRDGTPLMLTGGVDGSLCPWGWLCMTRSGALTTRTDPRRAYLPFSPDASGYVPGEGGALLVLEDPRAAAERGAPQVYGRIAGYAATFDPRPGSGREPGLRRALRLALDDAGIGPADVDVVFADAMGVPALDAVETQVLAAEFGPRGVPVTAPKTMTGRLLAGGASLDLAAALLSLRDQVVPPTVHVDGGEIPDSLDLVTGAPRPARLRHALVLARGHGGFNSAMVVSGRD
Paramagnetoquinone A,CNc1cc(=O)c2c(O)c3c(=O)c4c5c(c(OC)cc4c(=O)c3cc2c1=O)C(=O)OC5,ASA49565.1,MTTTAARDPSTLAEASEDASADMRSAQAVVTGIAVIAPNGVGVEAYWEATLAGRSGIGLIRRFDASGYPVRLAGEVDGFAETEHVPGRLIPQTDRMTHFALAAAQWAFDDSGVNPADLADYEGSVITANSSGGFEYGQRELENLWRTTPWRVGAYQSIAWFYAANTGQLSIRHKLRGACGVIAAEQAGGLDAIAHARRAIRQGGSLVVTGGTDASLCPWGFITQIPTGRLTRGTDPARGYLPFDAGASGYVPGEGGAIMILESAEFARARGARSYGVIAGHAATFDPPPGSSRPGGLRRAVELALADAGVGPEDIDVVFADAAGVPELDEDEASVLTEVFGPRGVPVTAPKTMTGRLYAGGAPLDVVTALLAIRDGVIPPTVAVTEPRFAGTLDLVVDVPRESPLRRALVLARGYGGFNAAMVVAAEGAGRA
PD 116740,COc1cccc2c1C(=O)C1=C(C2=O)c2c(O)cc(CO)cc2C(O)C1O,AAO65363.1,MSTAATRTVVTGLGIAAPNGLGTTDYWAATRSGKSGIGRITRFDPTGYPAKLAGQVPGFHADDHLPSRLLAQTDHMTRLALVATDWALADAGVTPAELPAYDMGVVTASSSGGFEFGQGELQKLWSQGSQYVSAYQSFAWFYAVNSGQISIRNGMKGPSGVLVSDQAGGLDAIAHARRQIRKGTQLIVSGSIDASICPWGWVAQLASGRLSEGEEPDRAYLPFDAAAAGHVPGEGGAILILESAEGAARRGVRVYGEIAGYAATFDPAPGSGRPPGLRKAIELALADAGVDAGDVDVVFADGAAVPELDRIEADALNEVFGPHGVMVTAPKTMTGRLYSGAAPLDVATALLAIRDGVVPATTHVHPDASYDLDLVTGEARATEVRTALILARGHAGFNAATVLTAP
Persiamycin A,Cc1c(O)cc2c(c1O)C(=O)c1c(cc3cc(O)cc(C)c3c1O)C2=O,WP_156000393.1,MTGRTAVTGMSIVAPTGLGIADYWKATVAGENGIGPISAFDASAYPSRLAGEVPGFDPKSHLPGRLIPQTDRLTQLALVAADWALADAEVEPSELSEFDMGVVTASASGGFEFGQRELEKLWSKGPEHVSAYQSFAWFYAVNSGQISIRNGMRGPGGVLVTEQAGGLDAAAQARRHVRNGVGLVLTGGVDASLCPWGWVAQSTREDLSTCESPDAAYLPFDENACGYVPGEGGAILVLEDADTAAERGLNRSYGTIAGYAATFDPKPGSGREPGLRRCVEQALADAGIAADEVDVVFADGAGTPEADRQEAEAIAAAFRTRATPVPVTAPKSATGRLYSGGSAVDLATALLALRDGVIPPTVNVRRPAPEYGMDLVVGDAREAELDTAVVLARGHGGFNSAMVVRRAD
Piloquinone,Cc1c(C(=O)CCC(C)C)cc2c(c1O)C(=O)C(=O)c1c(O)cccc1-2,QFS19045.1,MHAGGRFVSAYQSFAWFYAVNTGQVSIRHGLRGSSSTVVTDAAGGLDALGNARRQIRKGTTAMLAGSVDGALCPLGLAGQLSSGAMSTGSRADRAFLPFADGAGGQVPGEGGAFLVLEDAVSARRRGARSYGELAGYAATFDPAPVPSDQAGEGLVRAIRRALRDAGTAPEDVDVVFADAAGVPELDRAESRALGEVFGPGGVPVTAPKSMTGRLFAGGASLDLATALLALRDGAIPHTANVSRPGPGHPIDLVTGEPREADLRRALVVARGRGGFNAAAVVRRDT
Polyketomycin,COC1=CC(=O)c2c(O)c3c(c(C)c2C1=O)CC1(O)C(O[C@H]2CC[C@H](O[C@H]4C[C@@](C)(O)[C@H](OC(=O)c5c(C)ccc(C)c5O)[C@H](C)O4)[C@@H](C)O2)C(=O)/C(=C(/C)O)C(=O)C1(O)C3=O,ACN64835.1,MNAVVVTGLGVVAPNGLSTEEYWNATLAARSGIGRITRFEPERYPATLAGEIRGFEPAAHLPGRLVPQTDHSTRLSLVAADEAVRDAGLDTGQLPEYGVGVVTANSAGGFEFGHQELDNLWRKGPEYVSAYQSFAWFYAVNTGQISIRHGLRGSSGVLVADEAGGLDALAQARRLLRRDLDAVLTGAVDGSLCPWGWIAQTSTGQLSTAEDPALAYRPFDERAAGFVPGEGGAILVVEDEAKARARHAPRIHGRILGHAATFDPRPGTVPADDASALTRAVELALADAGAVPDDIDAVFADAAGVPHLDRAEAAALGAVFGARELPVAVPKTLTGRLCAGAGPLDVATALLALRDGVLPPAAHTQPSPRYGLRVVVGRPLELRLRAVLVVARGLGGFNSAMVVGASH
Pradimicin A,CNC1C(C)OC(OC2c3cc(C)c(C(=O)NC(C)C(=O)O)c(O)c3-c3c(cc4c(c3O)C(=O)c3cc(OC)cc(O)c3C4=O)C2O)C(O)C1OC1OCC(O)C(O)C1O,ABM21748.1,MVAPTGIGVEEHWAATLRGVPVIGPLTRFDASRYPSPFGGEVPGFDAAERVPGRLIPQTDHWTHLALAATDLALADAGVVPAELPEYEMAVVTASSSGGVEFGQREIQALWRDGPRHVGAYQSIAWFYAATTGQISIRHGMRGPCGVVVAEQAGALESFAQARRYLADGARVVVSGGTDAPFSPYGLTCQLGSGRLSTGADPARAYLPFDAAANGFVPGEGGAILIIEQAATAQDRSYGRIAGYAATFDPPPGSGRPPTLERAVRAALDDARLTPADVDVVFADAAGVPDLDRAEADAIGAVFGPRGVPVTAPKSLTGRLYAGGPALDAATALLAMHDSVIPPTAGGADVPPGYALDLVGAEPRPARLRTALIIARGYGGFNAALVLRGPNT
Pyxidicycline A,Cc1c2c(O)c3c(cc2cc(=O)n1CCO)C(=O)c1cccc(O)c1C3=O,AXM42928.1,MSRRVVVTGIGFVAPGGIGQGAVWDNIRAGRGAIRRVTRFDPTGYPSALAGEVDGFNPTDFMPMRLARKLDPYTQYAVAASQLALDDGRMDLERVDRERMGVFVGNCFGGWDFTDRELRKLHTQGVKEVSPFQATSWFPAAPQGQISIHFGLRGFSKTVCGERASGHIGIALAARSIASGQCDVSLAGGAEAPITPFTYLACGTEGVLVGPDTPADGAYRPFDAGRRGLVPAEGAAFLLLEELTHALERRAPIYAEVLGFGLSNDACHPALLPPEERHLSVAMRKALEDADVTPDAISYVLADGLATPEGDRQEAAALRKVFGSERRVPVSVPRTMTGHLYGAAGALDAGLAALSIQHGEVPPTVGTRTVDASLDVSLVTETTTPERVDHVMLNGRGSGGLNASLIISRFARA
Qinimycin,CNC1CCC(c2ccc(O)c3c2C(=O)C24OC2(C(C)OC2CC(=O)OC24)C3O)OC1C,WP_058047373.1,MTSKDGLNGRTVITGIGVTAPNGLGTEAFWKAVLAGHTGIGPVTRFDASRYAASLAGQIDDFDAAEHLNSRLLPQTDPSTRLALVAADWALTDADVSPDTLPDYDMGVVTSNALGGFDFTHREFDKLWNKGPDFVSVYESFAWFYAVNTGQISIRHKLRGPSAALVGEQAGGLDALGHARRTIRRGTPLVVAGGVDSALDPWGYVSQLAGGRVTTATDPARAYLPFSADASGYVPGEGGAILVAEDEASARERGVQQVYGELAGYAATFDPAPGTGRPPALRRAAEAALADAGLAPGDIDVVFADGAGVPELDAAEAAAISGLFGAGAVPVTAPKALTGRLYSGGGPLDVATALLSIRDGVIPPTPTGAPVPEDYGLDLVQGAPRDQAVRTALVLARGRHGFNSAVVVRA
R1128A,CCCc1cc(O)cc2c1C(=O)c1c(O)cc(O)cc1C2=O,AAG30188.1,MTQAAPTTRRAVVTGLGAVAPNGFGTEEYWKATLRGRSGIHPLHRYDASGFPSRLAGQILGFEAEQHIPGRLLPQTDRVTRLALVAGQSALDDAGVDPQALVDYSMGVVTSSAIGGFEFTHGEVHKLWTKGPQHVSVYESFAWFYAVNTGQLSIRHGMRGPSGVLVGEQAGGLDAIGHARRNLRRGIDLVVTGGCDSALDPWGYVSHLTTGRISRATEPELAYRPFDAAADGYVPGEGGAILVLEDERAARARGAATLYGEIAGYAATFDPPPGSERPPGLARAARLALDDAGVRPEDVDAVFADAAGVPDLDRAEAEAINEVFGAGAVPVTAPKSLVGRLNSGGPPLDVVAALLSIRDDVVPPTPNTTDVPADYGLDLVLSEPRNARVRTVLVLARGHGGFNAAVVVRAMNPEL
Ravidomycin,C=Cc1cc(OC)c2c(c1)c(=O)oc1c2cc(OC)c2c(O)ccc(C3OC(C)C(OC(C)=O)C(N(C)C)C3O)c21,CBH32808.1,MTAVAVTGVGAIAPNGQGTEEYWRATLEGRSGIGPLRRFDASGYPAKLAGEIDFDPAEHLPSRLVPQTDHMTRLSLAAAQWALDDAGVEPQDLPDFAAGVITASSAGGFEFGQRELENLWREGPKYVSAYQSYAWFYAVNSGQISIRHGMRGPSGVVVSDQAGGLDALAQSRRQIRKGTRLVVSGGVDGSLCPWGWVAQMAGDRMSTSQDPECAYLPFDARARGHVPGEGGAHLVVEDVASARERGARIHGLISGYGSTMDPRPGSGREPGLRRALTLALEDAGVRPDEVDVVFADGAAVPELDRIEADALGEVFGRGGVPVTAPKTMTGRLTAGAAALDVATALLAIRDGVIPPTLHVTGAAEYGIDLVTGEPRKADVRTAVVLARGHGGFNSAVVVQAA
Resistomycin,Cc1cc(=O)c2c(O)c3c(O)cc(=O)c4c3c3c(cc(O)c1c23)C(C)(C)C=4O,CAE51175.1,MSIVITGIGAVTPAGDGVEPLWNSAREGTSHLATIDRFDAGDYACPVAGQADFDADAELPSRFVKRTDRFTHLAVHTVRRALADAGVAVGTDVSPERTGVMVGNILGGWEFAERELRKLWTDGPRAVSPYQATAWFPAAPQGNICIDQGIKGPARTFVADRASGAYALIGAAETLLRGRADVVLAGGVEAPLSPYGWLCLETSGLVAKARGSLAPHELYRPFDAGHGGSVFAEGSVFLVMERREHAERRGARVLGELAGWGVSTDGYMPYYTVEPTGRVLGRAMRTATERAGISDGDLGAVFAHGSGIPFEDVTEGYGLWEAFGPGAARVPVTAPKSGFGHLLGAAAPADVALALRAMAAGSVPPTVNLDRQAPGIELDIVRGAARPAPEWEHTLVVSRGLGGVNACLLLRR
Rhodomycin,Cc1cc(O)c2c(c1O)C(=O)c1cccc(O)c1C2=O,WP_189725835.1,MTPVVVTGIGVVAPTGIGLDAYWAATLRGEDGIRRVQAFDPTRYPTRRAGEVTGFEAGDHLPSRLIPQTDRMTQFALAAADWAVADAGIDLDSVPSLARGVVTAGSSGGFGFGQRELQHLWGESPKKVSAYMSFAWFYAVNTGQISIRHGMNGPTGVFVGEQAGGLDALAHAGRQIRSGAQLMISGGMDCSLCPYGMAAQLAGGRLTADAYLPFDDRASGHLPGEGGALLTLESAEGARARGRHPYGEIAGFGATFDPRPGSGRPPTLRRAVEQALADAGADPEDIAVVFADGAGVPELDAAEAEALTAVFGAGGVPVTVPKTATGRLYSGAGPLDVVTALLTLRDGLAPPTVNVTRVPDAYGLDLVVGGPRPVSGSAALVLARGHHGFNSAMVVRAPAPAEAIAGSGRKVAV
Rishirilide,CC(C)CCC1(O)c2cc3c(O)cccc3cc2C(=O)C(C)C1(O)C(=O)O,AWM72903.1,MTATATRPVITGVGVAAPTGLGADAYWAAVVRGANGIAEITRFDATRYPVRLAGEVPGFEAAEHIPSRLLPQTDHMTRLALYAADEALKDSGLDLTALPPYGAGVSSASSMGGFEFGQRELQNLWSKGGSFVSAYQSFAWFYAVNTGQISIRHGLKGPSSAVVTDQAGGLDAIGHARRQIRKGTQVMLAGGVDGALCPLGLAGQLASGRLTSETRPDRAYLPFDEAASGHVPGEGGAYVVLEDPASAEGRGARVYGELAGYAATFDPDPADPAADGLERAIRAALAEADRAPGAVAVVFADAAGVPAADRAEAAALAAVFGARRVPVAVPKAQTGRLYAGGGALDLVSALLALRDRSVPPAAHVVSVAADCPVDLVTGGARPLTGDAALVLARGEGGFNAAAVVTAAG
Rishirilide,CC(C)CCC1(O)c2cc3c(O)cccc3cc2C(=O)C(C)C1(O)C(=O)O,AHL46709.1,MTATATRPVITGLGVAAPTGLGTDAHWSAVVEGTNGIAEITRFDASGYRVRLAGEVPGFEASAHIPSRLLPQTDHMTRLALYAADEALKDSGIDLAALAPYEAGVSSASSMGGFEFGQRELQNLWSKGGQFVSAYQSFAWFYAVNTGQISIRHGLKGPSSAVVTDQAGGLDAIGHARRQIRKGTKVMLAGGVDGALCPLGLAGQLASGRLSTENRPDRAYLPFDEAASGHVPGEGGAYLVLEDPVSAEERGARVHGELAGYAATFDPDPRDPGADGLERAIRAALADADRTPDTIAVVFADAAGVPEADRAEAAALAAVFGPRGVRVAVPKAQTGRLYAGGGALDLASALLVLRDGSVPPTAHVTSVAADCPVDLVTGEARTLTGDAALVLARGEGGFNAAAVVTRAN
Rubrolone A,CCCc1nc(C)cc2c1C(=O)c1cc(=O)c3c(c(O)c1-2)O[C@@H]1O[C@H](C)[C@H](O)[C@H](O)[C@]31O,AOZ61213.1,MMAPNGAGGDAFWKATLEGHSGITTLDRFDPSRYPVRLAGQIRGFEAERHLPGRLLPQTDRVTRLALVAAEMALADAGVDPGQLPEYGMGVVTSNATGGFEFTHTEINKLWTKGSRFVSVYESFAWFYAVNTGQISIRHGMRGPGAVLVAEQAGGLDAVGHARRTLRRGTALSVTGGVESSFDPWGWVSHVASGRLSRQDDPRRAYRPFDTRASGYVPGEGGAILVLEDAEEADRRAVPHVYGEIAGYAATFDPRPGSGRPPGLRRAAELALDDARVRPDEIDVVFADAAGVAELDRIEAEAITGLFGPHAVPVTAPKTLTGRLYSGGGPLDIAAALYAIRDGVVPPTYHVADVPPDYGIDLVRETPRHRRVDSALVLARGKGGFNSAVVVRRAGRSSAS
α-Rubromycin,COC(=O)c1cc2cc(CCc3cc4c(o3)C(=O)c3c(O)c(OC)cc(OC)c3C4=O)c(O)c(O)c2c(=O)o1,WP_073806071.1,MSATGIGAGARQRAVITGIGVVAPTGIGARRHWESVLAGKSGLGRITRFDPAGYPVKVAGEVPGFDARGEVPGRLVPQTDRFTHFALAAARAALDDASADPVAFPEYEMAVVTASSSGGTEFGQQEMERLYRKGPSWVGAYQSIAWFYAATTGQVSIRHGMRGPCGVLCCEQAGGLDALGQARRLLDTGSRLVLSGGTDASLCPYGLVAQLSSGGLSTVDDPARAYLPFDPSAQGHVPGEGGAFLVVERAGSAAARGARPYGEVLGYAAGFDPVEGSGRAAVLAAVVRRALADASMTPDRVDVVFADAAGAPAADHAEARALTEVFGAGAVPVTAPKSLTGRLYAGGAALDVATALLALSSGVVPHTVGPRPRRHGPAAEIDLVLDQPRSSGPRTALVLARGHGGFTSALLLGAGDRTL
α-Rubromycin,COC(=O)c1cc2cc(CCc3cc4c(o3)C(=O)c3c(O)c(OC)cc(OC)c3C4=O)c(O)c(O)c2c(=O)o1,AAG03068.1,MSASGISPGRRGRSVVTGLGVVAPTGIGAVRHWESVLSGKSGLGRITRFDPTGYPVRVAGEVPGFHAGEQVPGRLVPQTDRFTHFALAAAEDALADAAADPATLPEYEMAVVTASSSGGTEFGQHEMENLYQKGSSWVGAYQSIAWFYAATTGQVSIRHGMRGPCGVICGEQAGGLDALGQSRRLLDTGSRLVLSGGTDASLCPYGLVAQLSTGRLSTEDDPARAYLPFDAAASGFVPGEGGAILVVENAEGAHARGVPAYGELLGYAAGFDPTADGTTTGHSVLVSVVRRALADAGLAPGDVDVVFADASGTPAEDLAEARAITEVFGPGGVPVTAPKTLTGRLYAGGAALDVATALLALSAGVVPHTAGLGRPAPGCEIDLVLDRPRQTDPRTALVLARGHGGFTSALVLGAGDRGAPGK
Saprolmycin E,CC1OC(OC2CCC(OC3C(O)CC(c4ccc5c(c4O)C(=O)C4=C(C5=O)C5(O)C(=O)CC(C)(OC6C=CC(=O)C(C)O6)CC5(O)C=C4)OC3C)OC2C)C=CC1=O,BAV17000.1,MSATGVRVAVTGLGVVAPNGLGTEAYWAATRKGTSGIGRISRFVPDRYPAQLAGEIDGFVAEEYLPGRLLPQTDRMTQLALVAADWAFQDAGVHPGELPEFEMGVITASSSGGFEFGQRELQALWSKGGRYVSAYQSFAWFYAVNSGQISIRNGMRGPSGVVVSDQAGGLDAVAQARRQIRKGTRLVMSGAVDASICPWGWVAQMASNRLSTSRDPERAYLPFDEAAHGHVPGEGGALLVLEELEQARARGAQQIYGEIAGYGATLDPRPGSGRPPGLRKAVELALADAQAAPGDIDVVFADAAAIPELDRIEAEAITGVFGARAVPVTAPKTMTGRLYSGAAPLDLAAAFLAMRDGVIPPSVGISPSPGHDLDLVVGQERTAPVRSALVIARGHGGFNSATVVRAATPAVSSA
Saquayamycin A,CC1OC(OC2CCC(OC3(C)CC(=O)C4(O)C5=C(C=CC4(O)C3)C(=O)c3c(ccc(C4CC(O)C(OC6C=CC(=O)C(C)O6)C(C)O4)c3O)C5=O)OC2C)C=CC1=O,ARO44656.1,MSESGVRVVVTGLGVVAPNGLGAEAYWAATRKGTSGIGRISRFVPDRYPARLAGEIDGFTAEEHLPGRLLPQTDRMTQLALVAADWAFRDAAVRPSELPEFEMGVITASSSGGFEFGQRELQALWSKGGRYVSAYQSFAWFYAVNSGQISIRNGMRGPSGVVVSDQAGGLDAVAQARRQIRKGTRLVMSGAVDASICPWGWVAQMASNRLSTTHDPERAYLPFDGSAHGHVPGEGGALLVLEELEQARARSADQIYGEIAGYGATLDPRPGSGRPPGLRKAVELALADAGTLPRDIDVVFADGAAILELDRIEAEAINGVFGERAVPVTVPKTMTGRLYSGAAPLDLAAAFLAMRDGVIPPSIGITPSPGHALDLVVGHERTAPVRSALVIARGHGGFNSATVVRAVE
Saquayamycin Z,CC1OC(OC2CCC(OC3C(O)CC(OC4C(O)CC(c5ccc6c(=O)c7c(oc6c5O)C=CC5(O)CC(C)(OC6CCC(OC8CC(OC9CCC(OC%10CC(OC%11CCC(O)C(C)O%11)C(O)C(C)O%10)C(C)O9)C(O)C(C)O8)C(C)O6)CC(=O)C75O)OC4C)OC3C)OC2C)C=CC1=O,ACP19354.1,MTARAVVTGIGVTAPNGLGTAAYWAATLRGESAIRPVSRFTPDRYPARLAGEIRGFSAAEHLPGRLLPQTDRMTQLALVATDWALADAGVRAGDLPEYDMGVVTASSSGGFEFGQGELRNLWSQGSQYVSAYQSFAWFYAVNTGQISIRNGMRGPCGALVSDQAGGLDAVAQARRHVRQGTRLMITGGVDASICPWGWVAQLASRRLSTSEQPDRAYLPFDAGACGHVPAEGGALLVVEDADSARDRGAATVYGEIAGYGTTFDPHPDSGREPGMRRAIELALADAGLAPDDVDVVFADAAGVPEQDRIEAAAIAAVFGPLGVPVTAPKTMTGRLCSGAGALDVVTALLAVRDSVVPPTVHVTPAAEHGLDLVTERPRRLPVRAALVLARGYGGFNSAVVVRSPHPQ
Sch-47554,CC1OC(OC2CCC(c3ccc4c(c3O)C(=O)C3=C(C4=O)C4(O)C(=O)CC(C)(OC5C=CC(=O)C(C)O5)CC4(O)C=C3)OC2C)C=CC1=O,CAH10116.1,MSAAVRVAVTGLGVAAPNGLGVEAYWAATRAGASGIGRVTRFDPAQYPARLAGEIKEFSGLEHLPARLLPQTDRMTQVALAGTDWAFADAGVDPAELSEYDMGVITASSSGGFEFGQKELKALWSQGSRYVSAYQSFAWFYAVNSGQISIRNGMRGPSGVVVGDQAGGLDAVAQARRQIRKGTPLVVSGGIDASICPWGWVAQMAGDRLSTSDDPARAYVPFDAAARGHVPGEGGALLVLEDLERARERGARQIYGEIAGYGSTFDPRPGGGRPPGLRKAIELALADAESSAGDIDVVFADGAALPELDRIEADAITGVFGARGVPVSVPKTMTGRLYSGAAPLDLAAAFLAIRDGVIPASVGTRLSDAYALDLVTDRPRDAAVRSALVLARGQGGFNSAVVVRAVDK
Setomimycin,CC(=O)C1C(C)=CC(=O)c2c1c(-c1c3c(c(O)c4c(O)cccc14)C(=O)CC(C)(O)C3C(C)=O)c1cccc(O)c1c2O,WP_037658550.1,MTASSVVVTGLGVVSPNGLGTQGHWSASRVGKSAIGPLTRFDATPYPAKLAGEISGFAAEEHLPSRLMPQTDQVTRLSLVAADWALADAGVNPAELPAFDMGVITASSAGGFEFSQNELKSLWSKGGEYVSAYQSFAWFYAVNTGQISIRNGMKGPSGVVVTDQAGGLDAVAQARRQIRKGTSLVVAGAVDALLCSWGWVGLGTSGRLSTEEEPSRAYLPFDDRAAGHVPGEGGALLILESADSAHARGAEVYGEIAGYAATFDGREPGLRKAVELALADAGLAASDVDVVFADGAAEPELDRIEAEALVEVFGERGVPVTAPKTMTGRLYAGGAALDLATAFLAMEEGLIPPTVHTEPAERYGLDLVVSQPRAADVRTALVLARGHGGFNSAMVVRS
SF2575,CC=C(C)C(=O)OC1C(O)CC(c2ccc3c(c2O)C(O)=C2C(=O)C4(OC)C(O)=C(C(N)=O)C(=O)C(OC(=O)c5ccccc5O)C4CC2C3(C)OC)OC1C,ADE34519.1,MTTALDAPPRTVITGIGIVAPNGMNTADYWDAVLSGRSGIRRISRFDPSGYSAQIAGEIPEYDPSAYLPGRLLPQTDRMTRLALIAADQAFADSGADPASMPPFACGAVTSASGGGFEFGQKELEALWSKGGQYVSAYQSFAWFYPVNTGQISIRHGLRGPGSAIVAEGAGGLDAVSKARRHLRAGTSLMVTGGVDGSLSPWSWLCILRSGRISTSADPDSAFLPFDRRAAGSVVGEGGAILIMESAEDARSRGAERDYGEVVGYAATFDPRPGSGRPPGLRRAVELALVDARLTAADIDVVFADASGDPELDRVEAETIATVFGPRGVPVSVPKSTTGRLLGGGAPLDLATALLAMRDSVVPPIANLESPAHEDLIDLVRDTPREKAIGTALILARGQGGYNSALIVRKTA
Simocyclinone D8,CC(=O)OC1C(C)OC(c2ccc3c(c2O)C(O)C24OC2(C3=O)C2(O)C(=O)C=C(C)CC2(O)CC4O)CC1OC(=O)C=CC=CC=CC=CC(=O)Nc1c(O)c2ccc(O)c(Cl)c2oc1=O,AAK06785.1,MTTSVVVTGLGVAAPNGLGTADYWAATREGRSGIGRVTRFDPSQYPSRLAGEVPGFVAEDHLPSRLLPQTDHMTRLALVSADWALQDAGIRPEELPEYAAGVVTASSAGGFEFGQNELRALWSKGSQYVSAYQSFAWFYAVNTGQISIRHGLRGPSGVVVSDQAGGLDALAQARRQIRRGSQVIVSGGIDASICSWGWGAQLTSGRMSTDDDPATAYRPFDGAAAGHVPGEGGALLVLEEAGAAAARGARVYGRIAGYGTTFDPKPGSGREPGLRRAIELALTDAGLAPADIDVVFADAAAVPDLDRIEARALVEVFGPRGLPVTAPKSMTGRLNSGAGSLDVATALLAIRDGVIPPTINVTAQDDYELDLVTAQARSARLRSALVVARGHGGFNSALVVQDAA
Simocyclinone D8,CC(=O)OC1C(C)OC(c2ccc3c(c2O)C(O)C24OC2(C3=O)C2(O)C(=O)C=C(C)CC2(O)CC4O)CC1OC(=O)C=CC=CC=CC=CC(=O)Nc1c(O)c2ccc(O)c(Cl)c2oc1=O,WP_030269265.1,MTASVVVTGLGIAAPNGLGAADYWAATRAGRSGIGRVTRFDPTQYPARLAGEVPGFVAADHLPGRLLPQTDHMTRLALVSADWALLDAGIRPEDLPEFAAGVVTASSAGGFEFGQNELRALWSKGSQYVSAYQSFAWFYAVNTGQISIRHGLRGPSGVLVSDQAGGLDAIAQARRQIRRGSQVIVSGGVDASVCPWGWVAQLTSGRLSTDDDPATAYRPFDAGASGHVAGEGGALLVVEDERAARARGARVYGRIAGYGSTFDPRPGTGREPGLRRAIEIALQDADLTPGDIDVVLADAAAVPELDLVEARALTEVFGPRGVPVTAPKSMTGRLNSGAGPLDVATALLAIRDGVIPPTVNVLPRVDYGLDLVTGEERVAPLRAALVLARGFGGFNSAVVVTDAR
Steffimycin D,COc1cc(O)c2c(c1)C(=O)c1cc3c(c(O)c1C2=O)C(OC1OC(C)C(O)C(O)C1OC)CC(C)(O)C3,CAJ42319.1,MVTGMGVVAPTGLGARRHWERTVRGESAIGRITAFDARPYSGKLAGEVTGFEPSAHLPARLLPQTDHMTRLALAAAAWAIEDASLIPAELPEFGMGVVTASSAGGFEFGHRELDKLWRLGPEHVSAYQSFAWFYAVNSGQISIRHGLRGPSGVLVTEQAGGLDAVAQARRRVRDGTAAMVCGSVDGSPCPWGWVAQLAGGRISTADDPARAYLPFDVDAAGHVPGDGGALFVLEDEEGARERGVTSWHGEIAGYAATFDPPPGSARPSSLSRAIELALSDAGTEPSAIDVVFADGAGVAELDRVEADALRTVFGPYGVPVTVPKTMTGRLSAGGAALDLATALLALRHGEIPPTVNVSRPVPEYELDLVTQPRRGPLSAVLVVARGHGGFNAAMVVTRRRGFDRTD
Streptoketide A,CCC(O)=Cc1cc2c3c(cc4cccc(=O)c4c3o1)CC(CC(=O)O)O2,QED90612.1,MTAPAPASTAPGTRRGTALVTGLDVRAANGDGTEEFWRSLLEGRGGIGPITRFDASGYPSRLAGEIARDPGEDLPGRLLPQTDRVTQLALACAAEVLRDSGLDPAGAPEYGIGVVTANAAGGFEFGQRELENLWAKGPLYVSAYQSFAWFYAVNTGQISIRHGLRGPSGVLVTGQSGGLDAVGHARRMLRKGTPAVLTGAMESALCPWGHVAELTGGRLSTADRSEDACLPFGERAAGHVVAEGGALLMLEDEASAHARGGIRPYGEVAGYAACFDPPPGSGRPTGPARAARAALADAGVEPADIGAVFAEGAAVPDLDAQEAGAIAGVFGPDAVPVTAITSRTGRPGAGASALDLAAALLAVRDGLIPPTADVGRVPAAYRIDLVTGRPRPMAGDAALVLARGYGGFNSAVVVRRCGPTPR
Tetarimycin A,Cc1cc(O)cc2c1C(=O)C1=C(C2=O)C(C)(C)c2cc(O)cc(O)c2C1=O,AFY23043.1,MRVIVTGLGIAAPTGLGVADYWAATLAGESGIGPVRRFDASGYPCSLAGEVPGFAPADHLPSRLLPQTDHMTRLALVAADEAIADARVVPAELPEYGMGVVTASSSGGFEFGQRELANLWRRGGEYVSAYQSFAWFYAVNSGQVSIRHRLRGPGGVLVSDQAGGLDAVAHARRHVRRGTDVVVTGGVDGSICPWGWVAQLAGGRLSTATAPDRAYLPFDASASGHVPGEGGALLVLEDAAALARRRGPAGYGEIAGYAATFDPPPGSGGEPGLRAAIELALADAGVEPAGVDAVFADAAAVPELDRAEADALAAVFGPRGVAVTAPKTMTGRLYSGGAPLDLAAALLSIRDGLLPPTVHSEPRDEYRLDLVTGSPREAGVRVVLVLARGHGGFNSAMVVRATSEKERR
Tetracenomycin C,COC(=O)c1c(OC2OC(C)C(O)C(O)C2O)cc2cc3c(c(O)c2c1C)C(=O)C1(O)C(=O)C=C(OC)C(O)C1(O)C3=O,AAA67516.1,MSAPAPVVVTGLGIVAPNGTGTEEYWAATLAGKSGIDVIQRFDPHGYPVRVGGEVLAFDAAAHLPGRLLPQTDRMTQHALVAAEWALADAGLEPEKQDEYGLGVLTAAGAGGFEFGQREMQKLWGTGPERVSAYQSFAWFYAVNTGQISIRHGMRGHSSVFVTEQAGGLDAAAHAARLLRKGTLNTALTGGCEASLCPWGLVAQIPSGFLSEATDPHDAYLPFDARAAGYVPGEGGAMLVAERADSARERDAATVYGRIAGHASTFDARPGTGRPTGPARAIRLALEEARVAPEDVDVVYADAAGVPALDRAEAEALAEVFGPGAVPVTAPKTMTGRLYAGGAALDVATALLSIRDCVVPPTVGTGAPAPGLGIDLVLHQPRELRVDTALVVARGMGGFNSALVVRRHG
Thioangucycline,COc1cccc2c1C(O)c1c(Sc3cc4c(c5c3C(O)c3c(OC)cccc3C5O)C(=O)CC(C)(O)C4)cc3c(c1C2O)C(=O)CC(C)(O)C3,WP_073867016.1,MNATTVVTGLGVAAPNGLGLESYWSAVLAGRGAIGRVGRFDPTSYPAQLAGEIAGFAAEDHLPSRLLPQTDRMTRLALVSADWALEDAGVVPDTLPAYDMGVITASHSGGFEFGQKELRALWSKGGRYVSAYQSFAWFYAVNSGQISIRNGMRGPSGVVVSDQAGGLDALAQARRQIRKGTPLIVSGAIDASICPWGWVAQLASGRLSRATDPGRAYVPFDDGAAGHVPGEGGALLILEDADHARARGARQVYAEIAGHASTFDPAPGGDRGPGLRRAVEQALCDGETAPGDVDVVFADAAAVPELDRVEAEAISKVFGPRAVPVTAPKTMTGRLYSGAAPLDVATACLSIRDGVIPPTTNTSLSPHYDIDLVTGPPRETPVRTALVIARGYGGFNSAVVVRAPRD
TLN-05220,CCC(C)c1cc2c(=O)c3ccc4c(OC)c5c(=O)c6c(O)ccc(O)c6c(=O)c5c(O)c4c3c(=O)c2c(=O)n1CC(=O)N1CC(C(=O)O)NC(=O)C1C,ADB23392.1,MKTAVVTGLGVMAPNGMDTETYWSSILDGKSGINRIQRFDAPRYPVKLAGELATFDPAEHVPSRLLVETSAMSHLAFVAAEMAIKDAEVDLTQLPEYEIGVITANATGGVEVGQRELEKLWTQGPEHVSAYMSIAWFYAATTGQLSIRHKLRGHCGVVVSEQAGGLDAIGHGRRVLRQNHQLVLVGGTESAMSPAGVVAQMPTGNLSHSDIPDAAFLPFDVRAGGYVPGEGGAILVVEDAETARRRGAPRIYGEIAGYAATFDPRPGGDRKPTLEQAARLALADAGVQPRDVDVVFADAYGVPELDRIEAAAISAIFGPNSVPVTAPKTMTGRIYAGAGALDTVGALLSIRDGVIPPTINVETLAPGCDIDLVRERPRTAPVRTALVLGRGHGGFNSAVVVRATS
Trioxacarcin A,COc1c2c(c(O)c3c4c(c(C)cc13)C1OC3(C(OC)OC)OC1C(OC1CC(O)C(O)(C(C)=O)C(C)O1)(O4)C31CO1)C(=O)C(O)CC2OC1CC(C)(O)C(OC(C)=O)C(C)O1,AKT74261.1,MTAVVVTGLGVAAPNGLGTEAFWKATLAGQSGLARLTRFDPAQYPSVLAGEVKGFVADDHIPSRLMPQTDHMTRLALAAADWAIGDAGADPRHLPEYGMGVVTAASGGAVEFGQRELQNLWSKGKEYVSAYQSFAWFYAVNTGQISIRHKMRGPSGVLLTEQAGGIDAIGHARRHVRKGVPLVMSGGVDAALCPWGWVPQIAAGRMSSVPDPDRAYLPFSDDACGYVVGEGGAVVVVEDAASARERAAPRVYGMVAGYAATMDPAPGTGRPPGLRRAAENAIADAGLAPRDIDVVFADAMGVPELDRAEAAAITGLFGPYGVPVTAPKTMTGRLLAGGAALDVATALLSLHEGVIPPTVNVRATVPAYGLDLVTGQPRDTNPRSALVLARGYGGFNAALVLRRTDG
Turbinmicin,C/C=C/C=C/C=C/C(=O)O[C@@H]1C=CC[C@H]2C(=O)c3c(O)c4c5c(c3O[C@H]12)OCO[C@@H]5C[C@@H]1C(=O)c2cc(C)[nH]c(=O)c2C(=O)[C@]41O,WP_155333335.1,MNRTAVVTGIGVTAPNGLGTEAYWAATLAGRSGIGRISRFDPTGYPVRLAGEVHDFDAAAHVPSRLIPQTDNWTHLGLTAAAWALDDAGADPAGFPEYEMAVVTASSSGGTEFGQREIERLWTKGPSWVGAYQSIAWFYAATTGQISIRHGMRGPCGVVCSEQAGALDAAGQARALVQQGTRLVVTGGTDASLCPYGLTAQLSKGTLSGGDDPERAYRPFDADAGGYVPGEGGAMLIVEDAADARVRRAPKVYGVIAGQGSTFDPRPGSGREPGLRRAIELALADAGVAPSDVDVVFADAAGVPDADRAEAAAISAVFGPVGVPVTAPKTMTGRLYAGGAALDLACALLALRDQVIPPTVGVARLAPGCDLDLVRDVPREARLRTALVVARGYGGFNAAAVVTAAG
Urdamycin B,CC1OC(OC2CC(c3ccc4c(c3O)C(=O)c3ccc5c(c3C4=O)C(=O)CC(C)(O)C5)OC(C)C2O)CCC1OC1CC(O)C(O)C(C)O1,CAA60570.1,MNTGAVEVAVTGLGVVAPNGLGTDAYWAATRKGTSGIARISRFDPSRYPVQLAGEIEGFDAKGHLPGRLLPQTDRMTQLALVAADWAFEDAAVRPGDLPEFEMGVITASSSGGFEFGQRELQALWSRGSRYVSAYQSFAWFYAVNSGQISIRNGMRGPSGVVVSDQAGGLDAVAQARRQIRKGTRLVMSGAVDASICPWGWVAQMASNRLSTSRDPERAYLPFDDAAGGHVPGEGGALLVLEELEQARARGARQIYGVIAGYGSTLDPRPGSGRPAGLRKAIELALADAGAAPEEIDVVFADAAAVPELDRIEAEALTQVFGARAVPVTAPKTMTGRLYSGAAPLDLAAAFLAMRDGVVPPSVGVSPSPDHDLDLVVHQERAMTVRSALVIARGHGGFNSAVVVRAVG
Warkmycin CS1,COC1CC(OC2C=C(C)C(O)C3(O)C(OC(C)=O)C(O)C4=C(C(=O)c5ccc(C6CC(OC7CC(C)(O)C(OC8CCC(OC(N)=O)C(C)O8)C(C)O7)C(O)C(C)O6)c(O)c5C4=O)C23O)OC(C)C1O,OWA25244.1,MSGTVVVSGLSVASPNGLGTSDYWSATTAGRSGIGPVSRFDASSYPAGLAGEVPGFVAEDHLPGRLLPQTDRMTRLALVVADWALADAGVRTEETPAYDMGVATASSSGGFEFGQNELRALWSKGSQYVSAYQSFAWFYAVNTGQISIRNGMKGPGSVVVSDQAGGLDAVAQARRQVRKGIPMVLTGGIDASLCPWGWVAQMSAGRLSTTRDPARAYLPFDAAADGHVPGEGGALLVVEDEEAAHRRGARSLGEIAGYGSTFDPAPDSGRPPTLRTAIEIALRDAGITADDVDAVFADGAGLPDLDRAEALALTEVFGAGGVPVTVPKTMTGRLHSGAAPLDLAGALLAMRDGVIPPTVNVSPSPGLALDLVCETRPARLGTVLVLARGHHGFNSAMVLRAPRTRQGDR
Wexrubicin,CC(=O)c1c(OC2OC(CO)C(O)C(O)C2O)cc2cc3c(c(O)c2c1C)C(=O)c1c(O)cc(O)cc1C3=O,WP_025578805.1,MNRRRVVITGLGVISPSGNDVETFWESLKQGKSSIGPITKFDTSDFDVKIAGEVKNFDIKKYGFPFMLTRQLDEFTHYAMAATKMALDDSMINLEMVDRTRMGVFAGNCLGGVGFGEKELYNLYREGWQCVSPYQSISWFYTAPQGQISIFYKLKGYSKTFVADRISSDVALGYAYQSIMLNRLDTCLVCGTEAGVFPYGMSLFSSSDVLSKKRDACYCPYDLKRNGMILGEGAGTLVIEELEHALKRNAPIYGEILSFSNNCDGVHHKEKNKNGKKYKEVIESCIRKANISYDEIDYINLDGAALWEDDVIETNVLKEIWGKEIGTVSLSCPKSMFGNTFGAAGALDAIINCLAIKNNTVPPTINYEDQDSNCDLNYTPNKALHRNINTVLQIARGRGGINSAMLLREFKE
WS79089D,COc1c(O)ccc2c1C(=O)c1c(OC)c3c(c(O)c1C2=O)-c1c(cc2c(c1O)C(=O)O[C@@H](C)C2)C[C@H]3O,ACZ87055.1,MSRRAVITGIGVTAPNGLGTEAYWAATLEGRSGIGPISRFDPAGYPVRVAGEVSDFTAAEHVPSRLIPQTDNWTHLGLAAAAWALDDAGADPAAFPEYEMAVVTASSSGGTEFGQREIERLWSKGPSWVGAYQSIAWFYAATTGQISIRHGMRGSCGVVCAEQAGALDAAGQARQLIRTGTRLVVTGGTDASLCPYGLTAQHSTGRLSQGDDPGRAYLPFDVGAAGYVPGEGGAMLVVENAADAHARSAPVIYGEIAGYAATFDPRPGSGREPGLRRAMELALADAGLAAGGVDVVFADAAGVPELDLQEATAIRAVFGPDGVPVTAPKTMTGRLYAGGAALDLAGALLAIRDGVIPPTAGVTELAPGCDIDLVRGAAREARVGTAMVVARGYGGFNAAIVVTKTD
Compound 2,CC(=O)[C@H]1C[C@H]2OC(=O)[C@@]3(O)C(O)=C4C(=O)c5c(O)cccc5C(=O)[C@@]41C[C@@H]23,AEM44308.1,MTGGPKERKQVFTGIGVTAPNGLGTEAWWQATLAGVSGIGPVTRFDASKYPATLAGEVPGFDVKEHIPSRLIPQTDHMTRLALTAAAEALQDAAVDLEQLPQYAAGVVTAASAGGFEFGQRELEALWSKGGQHVSAYQSFAWFYAVNSGQISIRHGLRGPSGVLVTEQAGGLDAVAQARRQLRKGSLLMVTGGVDGSICPWGWTAQLTSGRLSTRDDPARAYLPFGADAAGHVPGEGGAILVLEDAEAARERGARVYGELAGYAATFDPGPGRPGEPGLRRAAETALEQAGVTPDEVDVVFADGAGVPALDRLEAEAITKVFGAGGVPVTVPKTLTGRLAAGGASLDLAAALLSLRDAVIPPTADVGRLAEDCALDLVTAPRPRPVRTALVLARGYGGFNAAAVVTAAR
Xantholipin,COc1c(Cl)ccc2c(=O)c3c(O)c4c5c(c3oc12)OCOC5CC1C(=O)c2cc(C)[nH]c(=O)c2C(=O)C41O,ADE22314.1,MTTATAKAPVITGLGVVAPTGIGAEAHWSAVLEGRPAIGRISRFDPSAYPVRLAGEVPGFVAKEQVPSRLIQQTDRWTHLGLSAAEAAIDDADVNPAELPEYELAVVTSSSSGGTEFGQHEMENLYQHNPEWVGAYQSIAWFYAATTGQVSIRHGLRGPCGVICTEQAGGLDAIGQARRLIRTGSRLVVTGGTDASLCPYGLTAQLSTGSLSTVQDPARAYLPFDSEASGYLPGEGGAMLIVESAEAAEARGARKIYGRVLGYAAGFDPPPRSAGGTPWPPSAAGPDSPGSERPPALRRTIAAALADAGLEPGAVDVVFADALGVPSADLIEAEALAGIFGPRGVPVTAPKTLTGRLYGGGAPLDVATALLALRDQVIPHTVGPTAPAPGHEIDLVLGEPRHQELRTALVVARGHGGFNAALVLGRAD
Metabolite 4,C[C@@]1(O)CC(=O)c2c(cc(O)c3c(O)c4c(cc23)C(=O)c2cc(O)cc(O)c2C4=O)C1,WP_003993029.1,MSARATRRTAITGIGVVAPNGTDTGTYWKSVKEGLFVLDRITREGCGHLPLRVAGEVRGFDPSALIEETFLVQTDRFSHYAMAAAGAALKEAGLSDAAADSPYSVGVVTAAGSGGGEFGQRELQRLWGQGSRFVGPYQSIAWFYAASTGQISIRGGFKGPCGVVASDEAGGLDAVAHAARTVGRGTDVVVVGAAEAPLAPYSMVCQLGYPELSTAEDPARAYRPFTPAACGFVPAEGGAVLVVEDEDRARGRDAAVRAVVAGHAATFTGASRWDRSREGLAHAIRGALDEAGCAPEEIDVVFADAMGVPEADRAEALALADALGPHGTRVPVTAPKTGIGRSYCGAPVLDVVAAVMAMEHGQVPPTPNVFDVCHDIDLVTSTARPAELRTALVLSRGLMGSNAALVLRRDPGTAAPHDKENTHEQ
